"Status"	"ID"	"LocBirth"	"Sire"	"Dam"	"LocLast"	"AgeLast"	"Sex"	"color"	"DateBirth"	"BirthYear"	"DateDeath"	"YearLast"	"LocBirth_icon"	"LocLast_icon"	"LocLast_color"	"LocBirth_name"	"LocBirth_color"	"LocLast_name"	"sex_ped"	"sex_kinship"	"MonthBirth"	"YearDeath"
"Alive"	2504	"ABQ"	1131	2403	"ELP"	18	"F"	"#D53288FF"	2007-01-18	2007	NA	2025	"ğŸ‡ºğŸ‡¸"	"ğŸ‡ºğŸ‡¸"	"#B0A890"	"Albuquerque Biological Park, United States"	"#889488"	"El Paso Zoo, United States"	2	2	"Jan"	"Alive"
"Alive"	2614	"ABQ"	1131	2403	"PUE"	15	"F"	"#D53288FF"	2009-07-18	2009	NA	2025	"ğŸ‡ºğŸ‡¸"	"ğŸ‡ºğŸ‡¸"	"#000000"	"Albuquerque Biological Park, United States"	"#889488"	"Pueblo Zoo, United States"	2	2	"Jul"	"Alive"
"Alive"	2617	"PHI"	1130	2436	"PHI"	15	"F"	"#D53288FF"	2010-02-05	2010	NA	2025	"ğŸ‡ºğŸ‡¸"	"ğŸ‡ºğŸ‡¸"	"#38302C"	"Philadelphia Zoo, United States"	"#38302C"	"Philadelphia Zoo, United States"	2	2	"Feb"	"Alive"
"Alive"	2630	"MOO"	1121	1145	"CIN"	15	"F"	"#D53288FF"	2010-03-22	2010	NA	2025	"ğŸ‡ºğŸ‡¸"	"ğŸ‡ºğŸ‡¸"	"#948864"	"Aquarium & Rainforest at Moody Gardens, United States"	"#CCCCBC"	"Cincinnati Zoo & Botanical Garden, United States"	2	2	"Mar"	"Alive"
"Alive"	2631	"MOO"	1121	1145	"MIL"	15	"M"	"#3F459BFF"	2010-03-22	2010	NA	2025	"ğŸ‡ºğŸ‡¸"	"ğŸ‡ºğŸ‡¸"	"#D0D4C4"	"Aquarium & Rainforest at Moody Gardens, United States"	"#CCCCBC"	"Milwaukee County Zoological Gardens, United States"	1	1	"Mar"	"Alive"
"Alive"	2622	"DUK"	2498	2502	"CIN"	14	"M"	"#3F459BFF"	2010-09-17	2010	NA	2025	"ğŸ‡ºğŸ‡¸"	"ğŸ‡ºğŸ‡¸"	"#948864"	"Duke Lemur Center, United States"	"#940834"	"Cincinnati Zoo & Botanical Garden, United States"	1	1	"Sep"	"Alive"
"Alive"	2623	"DUK"	2498	2502	"NYB"	14	"M"	"#3F459BFF"	2010-09-17	2010	NA	2025	"ğŸ‡ºğŸ‡¸"	"ğŸ‡ºğŸ‡¸"	"#D0B884"	"Duke Lemur Center, United States"	"#940834"	"Bronx Zoo/Wildlife Conservation Society, United States"	1	1	"Sep"	"Alive"
"Alive"	2626	"GAR"	2402	2451	"MIL"	14	"F"	"#D53288FF"	2010-12-06	2010	NA	2025	"ğŸ‡ºğŸ‡¸"	"ğŸ‡ºğŸ‡¸"	"#D0D4C4"	"Lee Richardson Zoo, United States"	"#749C68"	"Milwaukee County Zoological Gardens, United States"	2	2	"Dec"	"Alive"
"Alive"	2637	"DUK"	2406	2608	"CHI"	14	"F"	"#D53288FF"	2011-02-04	2011	NA	2025	"ğŸ‡ºğŸ‡¸"	"ğŸ‡ºğŸ‡¸"	"#602038"	"Duke Lemur Center, United States"	"#940834"	"Lincoln Park Zoological Gardens, United States"	2	2	"Feb"	"Alive"
"Alive"	2642	"GAR"	2402	2451	"COL"	13	"F"	"#D53288FF"	2011-10-27	2011	NA	2025	"ğŸ‡ºğŸ‡¸"	"ğŸ‡ºğŸ‡¸"	"#C0C4AC"	"Lee Richardson Zoo, United States"	"#749C68"	"Columbus Zoo and Aquarium, United States"	2	2	"Oct"	"Alive"
"Alive"	2640	"DUK"	2420	2608	"NYB"	12	"F"	"#D53288FF"	2012-04-09	2012	NA	2025	"ğŸ‡ºğŸ‡¸"	"ğŸ‡ºğŸ‡¸"	"#D0B884"	"Duke Lemur Center, United States"	"#940834"	"Bronx Zoo/Wildlife Conservation Society, United States"	2	2	"Apr"	"Alive"
"Alive"	2641	"DUK"	2420	2608	"EVA"	12	"M"	"#3F459BFF"	2012-04-09	2012	NA	2025	"ğŸ‡ºğŸ‡¸"	"ğŸ‡ºğŸ‡¸"	"#8C6C58"	"Duke Lemur Center, United States"	"#940834"	"Mesker Park Zoo, United States"	1	1	"Apr"	"Alive"
"Alive"	2649	"DUK"	2498	2502	"MOO"	12	"M"	"#3F459BFF"	2012-06-20	2012	NA	2025	"ğŸ‡ºğŸ‡¸"	"ğŸ‡ºğŸ‡¸"	"#CCCCBC"	"Duke Lemur Center, United States"	"#940834"	"Aquarium & Rainforest at Moody Gardens, United States"	1	1	"Jun"	"Alive"
"Alive"	2646	"ELP"	2449	2632	"CHI"	11	"M"	"#3F459BFF"	2013-04-26	2013	NA	2025	"ğŸ‡ºğŸ‡¸"	"ğŸ‡ºğŸ‡¸"	"#602038"	"El Paso Zoo, United States"	"#B0A890"	"Lincoln Park Zoological Gardens, United States"	1	1	"Apr"	"Alive"
"Alive"	2652	"AKR"	2408	2418	"OMA"	11	"M"	"#3F459BFF"	2013-08-21	2013	NA	2025	"ğŸ‡ºğŸ‡¸"	"ğŸ‡ºğŸ‡¸"	"#20081C"	"Akron Zoological Park, United States"	"#CCC4A8"	"Omaha's Henry Doorly Zoo, United States"	1	1	"Aug"	"Alive"
"Alive"	2653	"ELP"	2449	2632	"PUE"	10	"M"	"#3F459BFF"	2014-08-22	2014	NA	2025	"ğŸ‡ºğŸ‡¸"	"ğŸ‡ºğŸ‡¸"	"#000000"	"El Paso Zoo, United States"	"#B0A890"	"Pueblo Zoo, United States"	1	1	"Aug"	"Alive"
"Alive"	2654	"ELP"	2449	2632	"LIT"	10	"F"	"#D53288FF"	2014-08-22	2014	NA	2025	"ğŸ‡ºğŸ‡¸"	"ğŸ‡ºğŸ‡¸"	"#B8B8B0"	"El Paso Zoo, United States"	"#B0A890"	"Little Rock Zoological Gardens, United States"	2	2	"Aug"	"Alive"
"Alive"	2659	"CLE"	2450	2414	"MOO"	9	"F"	"#D53288FF"	2015-05-18	2015	NA	2025	"ğŸ‡ºğŸ‡¸"	"ğŸ‡ºğŸ‡¸"	"#CCCCBC"	"Cleveland Metroparks Zoo, United States"	"#703440"	"Aquarium & Rainforest at Moody Gardens, United States"	2	2	"May"	"Alive"
"Alive"	2661	"COL"	2639	2642	"BLO"	9	"F"	"#D53288FF"	2015-06-09	2015	NA	2025	"ğŸ‡ºğŸ‡¸"	"ğŸ‡ºğŸ‡¸"	"#A4B0B8"	"Columbus Zoo and Aquarium, United States"	"#C0C4AC"	"Miller Park Zoo, United States"	2	2	"Jun"	"Alive"
"Alive"	2666	"COL"	2639	2642	"GAR"	9	"F"	"#D53288FF"	2016-03-25	2016	NA	2025	"ğŸ‡ºğŸ‡¸"	"ğŸ‡ºğŸ‡¸"	"#749C68"	"Columbus Zoo and Aquarium, United States"	"#C0C4AC"	"Lee Richardson Zoo, United States"	2	2	"Mar"	"Alive"
"Alive"	2667	"COL"	2639	2642	"CLE"	9	"M"	"#3F459BFF"	2016-03-25	2016	NA	2025	"ğŸ‡ºğŸ‡¸"	"ğŸ‡ºğŸ‡¸"	"#703440"	"Columbus Zoo and Aquarium, United States"	"#C0C4AC"	"Cleveland Metroparks Zoo, United States"	1	1	"Mar"	"Alive"
"Alive"	2671	"ELP"	2449	2632	"GAR"	8	"M"	"#3F459BFF"	2016-09-28	2016	NA	2025	"ğŸ‡ºğŸ‡¸"	"ğŸ‡ºğŸ‡¸"	"#749C68"	"El Paso Zoo, United States"	"#B0A890"	"Lee Richardson Zoo, United States"	1	1	"Sep"	"Alive"
"Alive"	2676	"CBR"	2631	2626	"PHI"	8	"M"	"#3F459BFF"	2016-11-03	2016	NA	2025	"ğŸ‡ºğŸ‡¸"	"ğŸ‡ºğŸ‡¸"	"#38302C"	"Chicago Zoological Park / Brookfield Zoo, United States"	"#5C8050"	"Philadelphia Zoo, United States"	1	1	"Nov"	"Alive"
"Alive"	2673	"MOO"	2649	2638	"MEM"	8	"M"	"#3F459BFF"	2016-12-16	2016	NA	2025	"ğŸ‡ºğŸ‡¸"	"ğŸ‡ºğŸ‡¸"	"#381C28"	"Aquarium & Rainforest at Moody Gardens, United States"	"#CCCCBC"	"Memphis Zoological Garden & Aquarium, United States"	1	1	"Dec"	"Alive"
"Alive"	2677	"DUK"	2496	2502	"OMA"	8	"F"	"#D53288FF"	2017-01-18	2017	NA	2025	"ğŸ‡ºğŸ‡¸"	"ğŸ‡ºğŸ‡¸"	"#20081C"	"Duke Lemur Center, United States"	"#940834"	"Omaha's Henry Doorly Zoo, United States"	2	2	"Jan"	"Alive"
"Alive"	2679	"COL"	2639	2642	"DUL"	8	"F"	"#D53288FF"	2017-02-05	2017	NA	2025	"ğŸ‡ºğŸ‡¸"	"ğŸ‡ºğŸ‡¸"	"#84386C"	"Columbus Zoo and Aquarium, United States"	"#C0C4AC"	"Lake Superior Zoological Gardens, United States"	2	2	"Feb"	"Alive"
"Alive"	2682	"LIT"	2634	2654	"BLO"	7	"M"	"#3F459BFF"	2017-08-08	2017	NA	2025	"ğŸ‡ºğŸ‡¸"	"ğŸ‡ºğŸ‡¸"	"#A4B0B8"	"Little Rock Zoological Gardens, United States"	"#B8B8B0"	"Miller Park Zoo, United States"	1	1	"Aug"	"Alive"
"Alive"	2685	"CHI"	2646	2637	"DUL"	7	"M"	"#3F459BFF"	2017-11-28	2017	NA	2025	"ğŸ‡ºğŸ‡¸"	"ğŸ‡ºğŸ‡¸"	"#84386C"	"Lincoln Park Zoological Gardens, United States"	"#602038"	"Lake Superior Zoological Gardens, United States"	1	1	"Nov"	"Alive"
"Alive"	2689	"COL"	2639	2659	"COL"	5	"M"	"#3F459BFF"	2019-05-28	2019	NA	2025	"ğŸ‡ºğŸ‡¸"	"ğŸ‡ºğŸ‡¸"	"#C0C4AC"	"Columbus Zoo and Aquarium, United States"	"#C0C4AC"	"Columbus Zoo and Aquarium, United States"	1	1	"May"	"Alive"
"Alive"	2690	"COL"	2639	2659	"AKR"	5	"M"	"#3F459BFF"	2019-05-28	2019	NA	2025	"ğŸ‡ºğŸ‡¸"	"ğŸ‡ºğŸ‡¸"	"#CCC4A8"	"Columbus Zoo and Aquarium, United States"	"#C0C4AC"	"Akron Zoological Park, United States"	1	1	"May"	"Alive"
"Alive"	2717	"GRE"	12717	22717	"WGE"	4	"F"	"#D53288FF"	2020-06-12	2020	NA	2025	"ğŸ‡¬ğŸ‡§"	"ğŸ‡ºğŸ‡¸"	"#3C4038"	"Private Owner, United Kingdom"	"#808084"	"Turtle Back Zoo, United States"	2	2	"Jun"	"Alive"
"Alive"	2707	"CBR"	2631	2626	"CHI"	4	"F"	"#D53288FF"	2020-08-26	2020	NA	2025	"ğŸ‡ºğŸ‡¸"	"ğŸ‡ºğŸ‡¸"	"#602038"	"Chicago Zoological Park / Brookfield Zoo, United States"	"#5C8050"	"Lincoln Park Zoological Gardens, United States"	2	2	"Aug"	"Alive"
"Alive"	2708	"CBR"	2631	2626	"NZP"	4	"F"	"#D53288FF"	2020-08-26	2020	NA	2025	"ğŸ‡ºğŸ‡¸"	"ğŸ‡ºğŸ‡¸"	"#082430"	"Chicago Zoological Park / Brookfield Zoo, United States"	"#5C8050"	"Smithsonian National Zoological Park, United States"	2	2	"Aug"	"Alive"
"Alive"	2713	"NYB"	2623	2640	"WGE"	4	"F"	"#D53288FF"	2021-03-11	2021	NA	2025	"ğŸ‡ºğŸ‡¸"	"ğŸ‡ºğŸ‡¸"	"#3C4038"	"Bronx Zoo/Wildlife Conservation Society, United States"	"#D0B884"	"Turtle Back Zoo, United States"	2	2	"Mar"	"Alive"
"Alive"	2714	"LIT"	2634	2654	"CLE"	3	"F"	"#D53288FF"	2021-06-18	2021	NA	2025	"ğŸ‡ºğŸ‡¸"	"ğŸ‡ºğŸ‡¸"	"#703440"	"Little Rock Zoological Gardens, United States"	"#B8B8B0"	"Cleveland Metroparks Zoo, United States"	2	2	"Jun"	"Alive"
"Alive"	2715	"LIT"	2634	2654	"NZP"	3	"M"	"#3F459BFF"	2021-06-18	2021	NA	2025	"ğŸ‡ºğŸ‡¸"	"ğŸ‡ºğŸ‡¸"	"#082430"	"Little Rock Zoological Gardens, United States"	"#B8B8B0"	"Smithsonian National Zoological Park, United States"	1	1	"Jun"	"Alive"
"Alive"	2718	"DUL"	2685	2679	"MEM"	3	"F"	"#D53288FF"	2022-02-28	2022	NA	2025	"ğŸ‡ºğŸ‡¸"	"ğŸ‡ºğŸ‡¸"	"#381C28"	"Lake Superior Zoological Gardens, United States"	"#84386C"	"Memphis Zoological Garden & Aquarium, United States"	2	2	"Feb"	"Alive"
"Alive"	2719	"DUL"	2685	2679	"DUL"	3	"F"	"#D53288FF"	2022-02-28	2022	NA	2025	"ğŸ‡ºğŸ‡¸"	"ğŸ‡ºğŸ‡¸"	"#84386C"	"Lake Superior Zoological Gardens, United States"	"#84386C"	"Lake Superior Zoological Gardens, United States"	2	2	"Feb"	"Alive"
"Alive"	2723	"MOO"	2649	2638	"MOO"	2	"M"	"#3F459BFF"	2022-12-24	2022	NA	2025	"ğŸ‡ºğŸ‡¸"	"ğŸ‡ºğŸ‡¸"	"#CCCCBC"	"Aquarium & Rainforest at Moody Gardens, United States"	"#CCCCBC"	"Aquarium & Rainforest at Moody Gardens, United States"	1	1	"Dec"	"Alive"
"Alive"	2727	"CLE"	2667	2714	"CLE"	1	"M"	"#3F459BFF"	2023-07-25	2023	NA	2025	"ğŸ‡ºğŸ‡¸"	"ğŸ‡ºğŸ‡¸"	"#703440"	"Cleveland Metroparks Zoo, United States"	"#703440"	"Cleveland Metroparks Zoo, United States"	1	1	"Jul"	"Alive"
"Alive"	2729	"LIT"	2634	2654	"LIT"	1	"M"	"#3F459BFF"	2023-11-18	2023	NA	2025	"ğŸ‡ºğŸ‡¸"	"ğŸ‡ºğŸ‡¸"	"#B8B8B0"	"Little Rock Zoological Gardens, United States"	"#B8B8B0"	"Little Rock Zoological Gardens, United States"	1	1	"Nov"	"Alive"
"Alive"	2730	"LIT"	2634	2654	"LIT"	1	"M"	"#3F459BFF"	2023-11-18	2023	NA	2025	"ğŸ‡ºğŸ‡¸"	"ğŸ‡ºğŸ‡¸"	"#B8B8B0"	"Little Rock Zoological Gardens, United States"	"#B8B8B0"	"Little Rock Zoological Gardens, United States"	1	1	"Nov"	"Alive"
"Alive"	2732	"MEM"	2673	2683	"MEM"	1	"M"	"#3F459BFF"	2023-12-13	2023	NA	2025	"ğŸ‡ºğŸ‡¸"	"ğŸ‡ºğŸ‡¸"	"#381C28"	"Memphis Zoological Garden & Aquarium, United States"	"#381C28"	"Memphis Zoological Garden & Aquarium, United States"	1	1	"Dec"	"Alive"
"Alive"	2735	"NZP"	2715	2708	"NZP"	1	"U"	"#21B14BFF"	2024-03-21	2024	NA	2025	"ğŸ‡ºğŸ‡¸"	"ğŸ‡ºğŸ‡¸"	"#082430"	"Smithsonian National Zoological Park, United States"	"#082430"	"Smithsonian National Zoological Park, United States"	0	3	"Mar"	"Alive"
"Alive"	2736	"NZP"	2715	2708	"NZP"	1	"U"	"#21B14BFF"	2024-03-21	2024	NA	2025	"ğŸ‡ºğŸ‡¸"	"ğŸ‡ºğŸ‡¸"	"#082430"	"Smithsonian National Zoological Park, United States"	"#082430"	"Smithsonian National Zoological Park, United States"	0	3	"Mar"	"Alive"
"Alive"	2738	"CIN"	2622	2630	"CIN"	0	"M"	"#3F459BFF"	2025-01-01	2025	NA	2025	"ğŸ‡ºğŸ‡¸"	"ğŸ‡ºğŸ‡¸"	"#948864"	"Cincinnati Zoo & Botanical Garden, United States"	"#948864"	"Cincinnati Zoo & Botanical Garden, United States"	1	1	"Jan"	"Alive"
"Deceased"	1002	"VIE"	NA	NA	"HON"	17	"M"	"#3F459BFF"	1966-06-10	1966	1984-04-28	1984	"ğŸ‡»ğŸ‡³"	"ğŸ‡ºğŸ‡¸"	"#606C5C"	"Wild, Vietnam"	"#C0B090"	"Honolulu Zoo, United States"	1	1	"Jun"	"1984"
"Deceased"	1003	"VIE"	NA	NA	"HON"	13	"U"	"#21B14BFF"	1969-01-05	1969	1982-01-29	1982	"ğŸ‡»ğŸ‡³"	"ğŸ‡ºğŸ‡¸"	"#606C5C"	"Wild, Vietnam"	"#C0B090"	"Honolulu Zoo, United States"	0	3	"Jan"	"1982"
"Deceased"	1004	"VIE"	NA	NA	"HON"	2	"F"	"#D53288FF"	1971-10-18	1971	1973-10-18	1973	"ğŸ‡»ğŸ‡³"	"ğŸ‡ºğŸ‡¸"	"#606C5C"	"Wild, Vietnam"	"#C0B090"	"Honolulu Zoo, United States"	2	2	"Oct"	"1973"
"Deceased"	1005	"VIE"	NA	NA	"HON"	2	"F"	"#D53288FF"	1971-10-18	1971	1973-10-18	1973	"ğŸ‡»ğŸ‡³"	"ğŸ‡ºğŸ‡¸"	"#606C5C"	"Wild, Vietnam"	"#C0B090"	"Honolulu Zoo, United States"	2	2	"Oct"	"1973"
"Deceased"	1029	"VIE"	NA	NA	"SKA"	4	"M"	"#3F459BFF"	1983-01-01	1983	1987-12-01	1987	"ğŸ‡»ğŸ‡³"	"ğŸ‡¸ğŸ‡ª"	"#48503C"	"Wild, Vietnam"	"#C0B090"	"Skansen Akvariet, Sweden"	1	1	"Jan"	"1987"
"Deceased"	1007	"VIE"	NA	NA	"DUK"	7	"F"	"#D53288FF"	1983-03-01	1983	1990-05-12	1990	"ğŸ‡»ğŸ‡³"	"ğŸ‡ºğŸ‡¸"	"#940834"	"Wild, Vietnam"	"#C0B090"	"Duke Lemur Center, United States"	2	2	"Mar"	"1990"
"Deceased"	1008	"VIE"	NA	NA	"DUK"	15	"F"	"#D53288FF"	1983-03-01	1983	1998-10-15	1998	"ğŸ‡»ğŸ‡³"	"ğŸ‡ºğŸ‡¸"	"#940834"	"Wild, Vietnam"	"#C0B090"	"Duke Lemur Center, United States"	2	2	"Mar"	"1998"
"Deceased"	1044	"THA"	NA	NA	"HOU"	19	"F"	"#D53288FF"	1984-01-01	1984	2003-01-01	2003	"ğŸ‡¹ğŸ‡­"	"ğŸ‡ºğŸ‡¸"	"#746860"	"Wild, Thailand"	"#645C48"	"Houston Zoo, Inc., United States"	2	2	"Jan"	"2003"
"Deceased"	1001	"VIE"	NA	NA	"SKA"	3	"F"	"#D53288FF"	1984-01-01	1984	1987-01-01	1987	"ğŸ‡»ğŸ‡³"	"ğŸ‡¸ğŸ‡ª"	"#48503C"	"Wild, Vietnam"	"#C0B090"	"Skansen Akvariet, Sweden"	2	2	"Jan"	"1987"
"Deceased"	1009	"VIE"	NA	NA	"DUK"	6	"M"	"#3F459BFF"	1984-01-01	1984	1990-09-28	1990	"ğŸ‡»ğŸ‡³"	"ğŸ‡ºğŸ‡¸"	"#940834"	"Wild, Vietnam"	"#C0B090"	"Duke Lemur Center, United States"	1	1	"Jan"	"1990"
"Deceased"	1010	"VIE"	NA	NA	"DUK"	9	"F"	"#D53288FF"	1984-01-01	1984	1993-04-18	1993	"ğŸ‡»ğŸ‡³"	"ğŸ‡ºğŸ‡¸"	"#940834"	"Wild, Vietnam"	"#C0B090"	"Duke Lemur Center, United States"	2	2	"Jan"	"1993"
"Deceased"	1011	"VIE"	NA	NA	"DUK"	5	"F"	"#D53288FF"	1984-01-01	1984	1989-05-19	1989	"ğŸ‡»ğŸ‡³"	"ğŸ‡ºğŸ‡¸"	"#940834"	"Wild, Vietnam"	"#C0B090"	"Duke Lemur Center, United States"	2	2	"Jan"	"1989"
"Deceased"	1012	"VIE"	NA	NA	"DUK"	14	"M"	"#3F459BFF"	1984-01-01	1984	1998-07-21	1998	"ğŸ‡»ğŸ‡³"	"ğŸ‡ºğŸ‡¸"	"#940834"	"Wild, Vietnam"	"#C0B090"	"Duke Lemur Center, United States"	1	1	"Jan"	"1998"
"Deceased"	1013	"VIE"	NA	NA	"SKA"	3	"M"	"#3F459BFF"	1984-01-01	1984	1987-01-01	1987	"ğŸ‡»ğŸ‡³"	"ğŸ‡¸ğŸ‡ª"	"#48503C"	"Wild, Vietnam"	"#C0B090"	"Skansen Akvariet, Sweden"	1	1	"Jan"	"1987"
"Deceased"	2006	"ASI"	NA	NA	"WAR"	6	"M"	"#3F459BFF"	1984-10-23	1984	1990-11-24	1990	"ğŸš©"	"ğŸ‡µğŸ‡±"	"#843424"	"Wild, Undetermined"	"#ACB4AC"	"Miejski Ogrod Zoologiczny Warsaw, Poland"	1	1	"Oct"	"1990"
"Deceased"	1034	"LAO"	NA	NA	"CIN"	7	"F"	"#D53288FF"	1985-01-01	1985	1992-02-14	1992	"ğŸ‡±ğŸ‡¦"	"ğŸ‡ºğŸ‡¸"	"#948864"	"Wild, Laos"	"#B0B4B4"	"Cincinnati Zoo & Botanical Garden, United States"	2	2	"Jan"	"1992"
"Deceased"	1016	"UND"	NA	NA	"SOZ"	8	"M"	"#3F459BFF"	1985-01-01	1985	1993-04-22	1993	"ğŸš©"	"ğŸ‡ºğŸ‡¸"	"#687464"	"Wild, Undetermined"	"#D48C80"	"San Diego Zoo, United States"	1	1	"Jan"	"1993"
"Deceased"	1000	"VIE"	NA	NA	"SKA"	2	"F"	"#D53288FF"	1985-01-01	1985	1987-12-01	1987	"ğŸ‡»ğŸ‡³"	"ğŸ‡¸ğŸ‡ª"	"#48503C"	"Wild, Vietnam"	"#C0B090"	"Skansen Akvariet, Sweden"	2	2	"Jan"	"1987"
"Deceased"	1022	"VIE"	NA	NA	"MIN"	15	"M"	"#3F459BFF"	1985-01-01	1985	2000-04-10	2000	"ğŸ‡»ğŸ‡³"	"ğŸ‡ºğŸ‡¸"	"#747C78"	"Wild, Vietnam"	"#C0B090"	"Minnesota Zoological Garden, United States"	1	1	"Jan"	"2000"
"Deceased"	1025	"VIE"	NA	NA	"CIN"	12	"M"	"#3F459BFF"	1985-01-01	1985	1997-05-26	1997	"ğŸ‡»ğŸ‡³"	"ğŸ‡ºğŸ‡¸"	"#948864"	"Wild, Vietnam"	"#C0B090"	"Cincinnati Zoo & Botanical Garden, United States"	1	1	"Jan"	"1997"
"Deceased"	1032	"VIE"	NA	NA	"CIN"	12	"M"	"#3F459BFF"	1985-01-01	1985	1997-03-11	1997	"ğŸ‡»ğŸ‡³"	"ğŸ‡ºğŸ‡¸"	"#948864"	"Wild, Vietnam"	"#C0B090"	"Cincinnati Zoo & Botanical Garden, United States"	1	1	"Jan"	"1997"
"Deceased"	1035	"VIE"	NA	NA	"CIN"	5	"F"	"#D53288FF"	1985-01-01	1985	1990-11-23	1990	"ğŸ‡»ğŸ‡³"	"ğŸ‡ºğŸ‡¸"	"#948864"	"Wild, Vietnam"	"#C0B090"	"Cincinnati Zoo & Botanical Garden, United States"	2	2	"Jan"	"1990"
"Deceased"	1087	"UND"	NA	NA	"TAI"	18	"F"	"#D53288FF"	1985-01-17	1985	2003-07-01	2003	"ğŸš©"	"ğŸ‡¹ğŸ‡¼"	"#98ACB8"	"Wild, Undetermined"	"#D48C80"	"Taipei Zoo, Taiwan"	2	2	"Jan"	"2003"
"Deceased"	1017	"UND"	NA	NA	"SOZ"	11	"M"	"#3F459BFF"	1985-03-01	1985	1997-01-17	1997	"ğŸš©"	"ğŸ‡ºğŸ‡¸"	"#687464"	"Wild, Undetermined"	"#D48C80"	"San Diego Zoo, United States"	1	1	"Mar"	"1997"
"Deceased"	1018	"UND"	NA	NA	"SOZ"	8	"M"	"#3F459BFF"	1985-03-01	1985	1993-11-01	1993	"ğŸš©"	"ğŸ‡ºğŸ‡¸"	"#687464"	"Wild, Undetermined"	"#D48C80"	"San Diego Zoo, United States"	1	1	"Mar"	"1993"
"Deceased"	1019	"UND"	NA	NA	"SOZ"	10	"F"	"#D53288FF"	1985-03-01	1985	1995-03-02	1995	"ğŸš©"	"ğŸ‡ºğŸ‡¸"	"#687464"	"Wild, Undetermined"	"#D48C80"	"San Diego Zoo, United States"	2	2	"Mar"	"1995"
"Deceased"	1020	"UND"	NA	NA	"SOZ"	5	"F"	"#D53288FF"	1985-03-01	1985	1990-12-05	1990	"ğŸš©"	"ğŸ‡ºğŸ‡¸"	"#687464"	"Wild, Undetermined"	"#D48C80"	"San Diego Zoo, United States"	2	2	"Mar"	"1990"
"Deceased"	1021	"UND"	NA	NA	"SOZ"	14	"F"	"#D53288FF"	1985-03-01	1985	1999-07-08	1999	"ğŸš©"	"ğŸ‡ºğŸ‡¸"	"#687464"	"Wild, Undetermined"	"#D48C80"	"San Diego Zoo, United States"	2	2	"Mar"	"1999"
"Deceased"	1023	"VIE"	NA	NA	"DUK"	11	"M"	"#3F459BFF"	1985-03-01	1985	1996-05-31	1996	"ğŸ‡»ğŸ‡³"	"ğŸ‡ºğŸ‡¸"	"#940834"	"Wild, Vietnam"	"#C0B090"	"Duke Lemur Center, United States"	1	1	"Mar"	"1996"
"Deceased"	1024	"VIE"	NA	NA	"CBR"	5	"F"	"#D53288FF"	1985-03-01	1985	1990-06-29	1990	"ğŸ‡»ğŸ‡³"	"ğŸ‡ºğŸ‡¸"	"#5C8050"	"Wild, Vietnam"	"#C0B090"	"Chicago Zoological Park / Brookfield Zoo, United States"	2	2	"Mar"	"1990"
"Deceased"	1026	"VIE"	NA	NA	"CIN"	5	"M"	"#3F459BFF"	1985-03-01	1985	1990-12-15	1990	"ğŸ‡»ğŸ‡³"	"ğŸ‡ºğŸ‡¸"	"#948864"	"Wild, Vietnam"	"#C0B090"	"Cincinnati Zoo & Botanical Garden, United States"	1	1	"Mar"	"1990"
"Deceased"	1014	"VIE"	NA	NA	"CRY"	10	"F"	"#D53288FF"	1985-05-01	1985	1995-12-31	1995	"ğŸ‡»ğŸ‡³"	"ğŸ‡¨ğŸ‡¦"	"#C0A480"	"Wild, Vietnam"	"#C0B090"	"Crystal Garden Conservation Center (extinct 2004), Canada"	2	2	"May"	"1995"
"Deceased"	1015	"VIE"	NA	NA	"CRY"	9	"M"	"#3F459BFF"	1985-05-01	1985	1994-12-07	1994	"ğŸ‡»ğŸ‡³"	"ğŸ‡¨ğŸ‡¦"	"#C0A480"	"Wild, Vietnam"	"#C0B090"	"Crystal Garden Conservation Center (extinct 2004), Canada"	1	1	"May"	"1994"
"Deceased"	1038	"VIE"	NA	NA	"CIN"	4	"F"	"#D53288FF"	1985-05-11	1985	1989-07-13	1989	"ğŸ‡»ğŸ‡³"	"ğŸ‡ºğŸ‡¸"	"#948864"	"Wild, Vietnam"	"#C0B090"	"Cincinnati Zoo & Botanical Garden, United States"	2	2	"May"	"1989"
"Deceased"	1039	"UND"	NA	NA	"PHI"	11	"M"	"#3F459BFF"	1985-10-15	1985	1997-05-18	1997	"ğŸš©"	"ğŸ‡ºğŸ‡¸"	"#38302C"	"Wild, Undetermined"	"#D48C80"	"Philadelphia Zoo, United States"	1	1	"Oct"	"1997"
"Deceased"	1040	"SKA"	1013	1001	"PHI"	16	"F"	"#D53288FF"	1986-01-01	1986	2002-08-17	2002	"ğŸ‡¸ğŸ‡ª"	"ğŸ‡ºğŸ‡¸"	"#38302C"	"Skansen Akvariet, Sweden"	"#48503C"	"Philadelphia Zoo, United States"	2	2	"Jan"	"2002"
"Deceased"	1030	"VIE"	NA	NA	"CBR"	3	"M"	"#3F459BFF"	1986-01-01	1986	1989-06-01	1989	"ğŸ‡»ğŸ‡³"	"ğŸ‡ºğŸ‡¸"	"#5C8050"	"Wild, Vietnam"	"#C0B090"	"Chicago Zoological Park / Brookfield Zoo, United States"	1	1	"Jan"	"1989"
"Deceased"	1031	"VIE"	NA	NA	"SEA"	18	"M"	"#3F459BFF"	1986-01-01	1986	2004-01-19	2004	"ğŸ‡»ğŸ‡³"	"ğŸ‡ºğŸ‡¸"	"#B4A078"	"Wild, Vietnam"	"#C0B090"	"Woodland Park Zoo, United States"	1	1	"Jan"	"2004"
"Deceased"	1033	"VIE"	NA	NA	"CIN"	2	"M"	"#3F459BFF"	1986-01-01	1986	1988-07-27	1988	"ğŸ‡»ğŸ‡³"	"ğŸ‡ºğŸ‡¸"	"#948864"	"Wild, Vietnam"	"#C0B090"	"Cincinnati Zoo & Botanical Garden, United States"	1	1	"Jan"	"1988"
"Deceased"	1036	"VIE"	NA	NA	"CIN"	3	"F"	"#D53288FF"	1986-01-01	1986	1989-10-25	1989	"ğŸ‡»ğŸ‡³"	"ğŸ‡ºğŸ‡¸"	"#948864"	"Wild, Vietnam"	"#C0B090"	"Cincinnati Zoo & Botanical Garden, United States"	2	2	"Jan"	"1989"
"Deceased"	1037	"VIE"	NA	NA	"CIN"	4	"F"	"#D53288FF"	1986-01-01	1986	1990-06-01	1990	"ğŸ‡»ğŸ‡³"	"ğŸ‡ºğŸ‡¸"	"#948864"	"Wild, Vietnam"	"#C0B090"	"Cincinnati Zoo & Botanical Garden, United States"	2	2	"Jan"	"1990"
"Deceased"	2098	"VIE"	NA	NA	"FRA"	14	"M"	"#3F459BFF"	1986-01-01	1986	2000-08-07	2000	"ğŸ‡»ğŸ‡³"	"ğŸ‡©ğŸ‡ª"	"#B49474"	"Wild, Vietnam"	"#C0B090"	"Zoologischer Garten Frankfurt, Germany"	1	1	"Jan"	"2000"
"Deceased"	1041	"SKA"	1029	1000	"PHI"	14	"M"	"#3F459BFF"	1986-12-01	1986	2001-04-07	2001	"ğŸ‡¸ğŸ‡ª"	"ğŸ‡ºğŸ‡¸"	"#38302C"	"Skansen Akvariet, Sweden"	"#48503C"	"Philadelphia Zoo, United States"	1	1	"Dec"	"2001"
"Deceased"	1045	"POZ"	11045	1034	"HOU"	21	"M"	"#3F459BFF"	1987-02-14	1987	2009-01-22	2009	"ğŸ‡µğŸ‡±"	"ğŸ‡ºğŸ‡¸"	"#746860"	"Ogrod Zoologiczny w Poznaniu, Poland"	"#584C64"	"Houston Zoo, Inc., United States"	1	1	"Feb"	"2009"
"Deceased"	1046	"POZ"	11045	1035	"HOU"	19	"F"	"#D53288FF"	1987-02-14	1987	2006-08-12	2006	"ğŸ‡µğŸ‡±"	"ğŸ‡ºğŸ‡¸"	"#746860"	"Ogrod Zoologiczny w Poznaniu, Poland"	"#584C64"	"Houston Zoo, Inc., United States"	2	2	"Feb"	"2006"
"Deceased"	1047	"SKA"	1012	1008	"DUK"	11	"M"	"#3F459BFF"	1987-02-17	1987	1998-08-09	1998	"ğŸ‡¸ğŸ‡ª"	"ğŸ‡ºğŸ‡¸"	"#940834"	"Skansen Akvariet, Sweden"	"#48503C"	"Duke Lemur Center, United States"	1	1	"Feb"	"1998"
"Deceased"	2097	"VIE"	NA	NA	"FRA"	8	"F"	"#D53288FF"	1987-04-10	1987	1996-01-21	1996	"ğŸ‡»ğŸ‡³"	"ğŸ‡©ğŸ‡ª"	"#B49474"	"Wild, Vietnam"	"#C0B090"	"Zoologischer Garten Frankfurt, Germany"	2	2	"Apr"	"1996"
"Deceased"	1043	"UND"	NA	NA	"SEA"	9	"F"	"#D53288FF"	1987-08-20	1987	1996-09-15	1996	"ğŸš©"	"ğŸ‡ºğŸ‡¸"	"#B4A078"	"Wild, Undetermined"	"#D48C80"	"Woodland Park Zoo, United States"	2	2	"Aug"	"1996"
"Deceased"	1048	"DUK"	1012	1008	"DUK"	2	"F"	"#D53288FF"	1988-01-01	1988	1990-09-21	1990	"ğŸ‡ºğŸ‡¸"	"ğŸ‡ºğŸ‡¸"	"#940834"	"Duke Lemur Center, United States"	"#940834"	"Duke Lemur Center, United States"	2	2	"Jan"	"1990"
"Deceased"	1049	"DUK"	1012	1008	"DUK"	0	"M"	"#3F459BFF"	1988-01-01	1988	1988-01-01	1988	"ğŸ‡ºğŸ‡¸"	"ğŸ‡ºğŸ‡¸"	"#940834"	"Duke Lemur Center, United States"	"#940834"	"Duke Lemur Center, United States"	1	1	"Jan"	"1988"
"Deceased"	1050	"SOZ"	1016	1019	"SOZ"	0	"F"	"#D53288FF"	1988-01-12	1988	1988-02-02	1988	"ğŸ‡ºğŸ‡¸"	"ğŸ‡ºğŸ‡¸"	"#687464"	"San Diego Zoo, United States"	"#687464"	"San Diego Zoo, United States"	2	2	"Jan"	"1988"
"Deceased"	1051	"CIN"	1026	1034	"CBR"	9	"M"	"#3F459BFF"	1988-02-29	1988	1997-02-20	1997	"ğŸ‡ºğŸ‡¸"	"ğŸ‡ºğŸ‡¸"	"#5C8050"	"Cincinnati Zoo & Botanical Garden, United States"	"#948864"	"Chicago Zoological Park / Brookfield Zoo, United States"	1	1	"Feb"	"1997"
"Deceased"	1052	"CIN"	1032	1036	"CIN"	0	"U"	"#21B14BFF"	1988-04-04	1988	1988-04-05	1988	"ğŸ‡ºğŸ‡¸"	"ğŸ‡ºğŸ‡¸"	"#948864"	"Cincinnati Zoo & Botanical Garden, United States"	"#948864"	"Cincinnati Zoo & Botanical Garden, United States"	0	3	"Apr"	"1988"
"Deceased"	1053	"CRY"	1015	1014	"CRY"	3	"U"	"#21B14BFF"	1988-04-10	1988	1992-03-26	1992	"ğŸ‡¨ğŸ‡¦"	"ğŸ‡¨ğŸ‡¦"	"#C0A480"	"Crystal Garden Conservation Center (extinct 2004), Canada"	"#C0A480"	"Crystal Garden Conservation Center (extinct 2004), Canada"	0	3	"Apr"	"1992"
"Deceased"	1042	"UND"	NA	NA	"HOU"	11	"M"	"#3F459BFF"	1988-05-07	1988	1999-11-05	1999	"ğŸš©"	"ğŸ‡ºğŸ‡¸"	"#746860"	"Wild, Undetermined"	"#D48C80"	"Houston Zoo, Inc., United States"	1	1	"May"	"1999"
"Deceased"	1054	"CBR"	1030	1024	"CBR"	13	"F"	"#D53288FF"	1988-10-24	1988	2002-03-04	2002	"ğŸ‡ºğŸ‡¸"	"ğŸ‡ºğŸ‡¸"	"#5C8050"	"Chicago Zoological Park / Brookfield Zoo, United States"	"#5C8050"	"Chicago Zoological Park / Brookfield Zoo, United States"	2	2	"Oct"	"2002"
"Deceased"	1055	"DUK"	1012	1008	"OMA"	4	"M"	"#3F459BFF"	1988-11-17	1988	1993-03-29	1993	"ğŸ‡ºğŸ‡¸"	"ğŸ‡ºğŸ‡¸"	"#20081C"	"Duke Lemur Center, United States"	"#940834"	"Omaha's Henry Doorly Zoo, United States"	1	1	"Nov"	"1993"
"Deceased"	1056	"DUK"	1012	1008	"OMA"	12	"M"	"#3F459BFF"	1988-11-17	1988	2000-11-30	2000	"ğŸ‡ºğŸ‡¸"	"ğŸ‡ºğŸ‡¸"	"#20081C"	"Duke Lemur Center, United States"	"#940834"	"Omaha's Henry Doorly Zoo, United States"	1	1	"Nov"	"2000"
"Deceased"	1006	"UND"	NA	NA	"FIT"	2	"M"	"#3F459BFF"	1989-01-01	1989	1991-06-12	1991	"ğŸš©"	"ğŸ‡ºğŸ‡¸"	"#606054"	"Wild, Undetermined"	"#D48C80"	"Helena Fitch-Snyder (extinct), United States"	1	1	"Jan"	"1991"
"Deceased"	1078	"UND"	NA	NA	"CLE"	9	"M"	"#3F459BFF"	1989-02-21	1989	1998-05-29	1998	"ğŸš©"	"ğŸ‡ºğŸ‡¸"	"#703440"	"Wild, Undetermined"	"#D48C80"	"Cleveland Metroparks Zoo, United States"	1	1	"Feb"	"1998"
"Deceased"	1057	"SOZ"	1017	1020	"CIN"	16	"M"	"#3F459BFF"	1989-02-25	1989	2005-08-20	2005	"ğŸ‡ºğŸ‡¸"	"ğŸ‡ºğŸ‡¸"	"#948864"	"San Diego Zoo, United States"	"#687464"	"Cincinnati Zoo & Botanical Garden, United States"	1	1	"Feb"	"2005"
"Deceased"	1058	"SOZ"	1017	1020	"SOZ"	19	"F"	"#D53288FF"	1989-02-25	1989	2008-12-20	2008	"ğŸ‡ºğŸ‡¸"	"ğŸ‡ºğŸ‡¸"	"#687464"	"San Diego Zoo, United States"	"#687464"	"San Diego Zoo, United States"	2	2	"Feb"	"2008"
"Deceased"	1059	"SOZ"	1016	1019	"SOZ"	10	"M"	"#3F459BFF"	1989-02-26	1989	1999-07-27	1999	"ğŸ‡ºğŸ‡¸"	"ğŸ‡ºğŸ‡¸"	"#687464"	"San Diego Zoo, United States"	"#687464"	"San Diego Zoo, United States"	1	1	"Feb"	"1999"
"Deceased"	1060	"SOZ"	1018	1021	"SDW"	13	"F"	"#D53288FF"	1989-02-27	1989	2002-05-02	2002	"ğŸ‡ºğŸ‡¸"	"ğŸ‡ºğŸ‡¸"	"#887858"	"San Diego Zoo, United States"	"#687464"	"San Diego Zoo Safari Park, United States"	2	2	"Feb"	"2002"
"Deceased"	1061	"SOZ"	1018	1021	"SOZ"	13	"F"	"#D53288FF"	1989-02-27	1989	2002-11-29	2002	"ğŸ‡ºğŸ‡¸"	"ğŸ‡ºğŸ‡¸"	"#687464"	"San Diego Zoo, United States"	"#687464"	"San Diego Zoo, United States"	2	2	"Feb"	"2002"
"Deceased"	2108	"IRC"	12108	2097	"KOL"	14	"M"	"#3F459BFF"	1989-04-10	1989	2003-11-15	2003	"ğŸ‡¨ğŸ‡­"	"ğŸ‡©ğŸ‡ª"	"#A8444C"	"UniversitÃ¤t ZÃ¼rich-Irchel Anthropologisches Institut und Museum, Switzerland"	"#D47C80"	"Cologne Zoo, Germany"	1	1	"Apr"	"2003"
"Deceased"	1062	"CIN"	1032	1036	"CIN"	0	"U"	"#21B14BFF"	1989-08-15	1989	1989-08-15	1989	"ğŸ‡ºğŸ‡¸"	"ğŸ‡ºğŸ‡¸"	"#948864"	"Cincinnati Zoo & Botanical Garden, United States"	"#948864"	"Cincinnati Zoo & Botanical Garden, United States"	0	3	"Aug"	"1989"
"Deceased"	2129	"VIE"	NA	NA	"KOL"	16	"F"	"#D53288FF"	1989-10-12	1989	2005-12-06	2005	"ğŸ‡»ğŸ‡³"	"ğŸ‡©ğŸ‡ª"	"#A8444C"	"Wild, Vietnam"	"#C0B090"	"Cologne Zoo, Germany"	2	2	"Oct"	"2005"
"Deceased"	1063	"PHI"	1041	1040	"CIN"	14	"F"	"#D53288FF"	1990-01-17	1990	2004-04-16	2004	"ğŸ‡ºğŸ‡¸"	"ğŸ‡ºğŸ‡¸"	"#948864"	"Philadelphia Zoo, United States"	"#38302C"	"Cincinnati Zoo & Botanical Garden, United States"	2	2	"Jan"	"2004"
"Deceased"	1064	"PHI"	1041	1040	"SEA"	12	"M"	"#3F459BFF"	1990-01-17	1990	2002-12-01	2002	"ğŸ‡ºğŸ‡¸"	"ğŸ‡ºğŸ‡¸"	"#B4A078"	"Philadelphia Zoo, United States"	"#38302C"	"Woodland Park Zoo, United States"	1	1	"Jan"	"2002"
"Deceased"	1065	"SOZ"	1016	1019	"CLE"	18	"M"	"#3F459BFF"	1990-03-24	1990	2009-02-16	2009	"ğŸ‡ºğŸ‡¸"	"ğŸ‡ºğŸ‡¸"	"#703440"	"San Diego Zoo, United States"	"#687464"	"Cleveland Metroparks Zoo, United States"	1	1	"Mar"	"2009"
"Deceased"	1066	"HOU"	1045	1046	"CBR"	8	"M"	"#3F459BFF"	1990-04-06	1990	1998-04-24	1998	"ğŸ‡ºğŸ‡¸"	"ğŸ‡ºğŸ‡¸"	"#5C8050"	"Houston Zoo, Inc., United States"	"#746860"	"Chicago Zoological Park / Brookfield Zoo, United States"	1	1	"Apr"	"1998"
"Deceased"	1067	"HOU"	1045	1046	"HOU"	9	"F"	"#D53288FF"	1990-04-06	1990	1999-12-19	1999	"ğŸ‡ºğŸ‡¸"	"ğŸ‡ºğŸ‡¸"	"#746860"	"Houston Zoo, Inc., United States"	"#746860"	"Houston Zoo, Inc., United States"	2	2	"Apr"	"1999"
"Deceased"	1068	"CBR"	1051	1054	"PAI"	12	"M"	"#3F459BFF"	1990-06-15	1990	2002-12-12	2002	"ğŸ‡ºğŸ‡¸"	"ğŸ‡¬ğŸ‡§"	"#546054"	"Chicago Zoological Park / Brookfield Zoo, United States"	"#5C8050"	"Paignton Zoo Environmental Park, United Kingdom"	1	1	"Jun"	"2002"
"Deceased"	1069	"CBR"	1051	1054	"CBR"	0	"M"	"#3F459BFF"	1990-06-15	1990	1990-06-16	1990	"ğŸ‡ºğŸ‡¸"	"ğŸ‡ºğŸ‡¸"	"#5C8050"	"Chicago Zoological Park / Brookfield Zoo, United States"	"#5C8050"	"Chicago Zoological Park / Brookfield Zoo, United States"	1	1	"Jun"	"1990"
"Deceased"	1070	"DUK"	1023	1010	"DUK"	0	"M"	"#3F459BFF"	1990-06-30	1990	1990-07-05	1990	"ğŸ‡ºğŸ‡¸"	"ğŸ‡ºğŸ‡¸"	"#940834"	"Duke Lemur Center, United States"	"#940834"	"Duke Lemur Center, United States"	1	1	"Jun"	"1990"
"Deceased"	1071	"DUK"	1022	1008	"DUK"	0	"F"	"#D53288FF"	1990-08-17	1990	1990-08-18	1990	"ğŸ‡ºğŸ‡¸"	"ğŸ‡ºğŸ‡¸"	"#940834"	"Duke Lemur Center, United States"	"#940834"	"Duke Lemur Center, United States"	2	2	"Aug"	"1990"
"Deceased"	1072	"DUK"	1023	1010	"PAI"	11	"M"	"#3F459BFF"	1991-03-09	1991	2002-09-07	2002	"ğŸ‡ºğŸ‡¸"	"ğŸ‡¬ğŸ‡§"	"#546054"	"Duke Lemur Center, United States"	"#940834"	"Paignton Zoo Environmental Park, United Kingdom"	1	1	"Mar"	"2002"
"Deceased"	1073	"DUK"	1023	1010	"DUK"	1	"M"	"#3F459BFF"	1991-03-09	1991	1992-11-22	1992	"ğŸ‡ºğŸ‡¸"	"ğŸ‡ºğŸ‡¸"	"#940834"	"Duke Lemur Center, United States"	"#940834"	"Duke Lemur Center, United States"	1	1	"Mar"	"1992"
"Deceased"	1089	"VIE"	NA	NA	"SOZ"	17	"F"	"#D53288FF"	1991-04-03	1991	2009-02-27	2009	"ğŸ‡»ğŸ‡³"	"ğŸ‡ºğŸ‡¸"	"#687464"	"Wild, Vietnam"	"#C0B090"	"San Diego Zoo, United States"	2	2	"Apr"	"2009"
"Deceased"	1074	"PHI"	1041	1040	"CLE"	2	"M"	"#3F459BFF"	1991-04-13	1991	1993-05-16	1993	"ğŸ‡ºğŸ‡¸"	"ğŸ‡ºğŸ‡¸"	"#703440"	"Philadelphia Zoo, United States"	"#38302C"	"Cleveland Metroparks Zoo, United States"	1	1	"Apr"	"1993"
"Deceased"	1075	"PHI"	1041	1040	"CLE"	5	"M"	"#3F459BFF"	1991-04-13	1991	1996-08-06	1996	"ğŸ‡ºğŸ‡¸"	"ğŸ‡ºğŸ‡¸"	"#703440"	"Philadelphia Zoo, United States"	"#38302C"	"Cleveland Metroparks Zoo, United States"	1	1	"Apr"	"1996"
"Deceased"	1088	"VIE"	NA	NA	"CLE"	16	"F"	"#D53288FF"	1991-09-22	1991	2008-08-09	2008	"ğŸ‡»ğŸ‡³"	"ğŸ‡ºğŸ‡¸"	"#703440"	"Wild, Vietnam"	"#C0B090"	"Cleveland Metroparks Zoo, United States"	2	2	"Sep"	"2008"
"Deceased"	1076	"CRY"	1015	1014	"CRY"	1	"F"	"#D53288FF"	1991-11-09	1991	1993-04-01	1993	"ğŸ‡¨ğŸ‡¦"	"ğŸ‡¨ğŸ‡¦"	"#C0A480"	"Crystal Garden Conservation Center (extinct 2004), Canada"	"#C0A480"	"Crystal Garden Conservation Center (extinct 2004), Canada"	2	2	"Nov"	"1993"
"Deceased"	1077	"CRY"	1015	1014	"CRY"	4	"F"	"#D53288FF"	1991-11-09	1991	1995-12-31	1995	"ğŸ‡¨ğŸ‡¦"	"ğŸ‡¨ğŸ‡¦"	"#C0A480"	"Crystal Garden Conservation Center (extinct 2004), Canada"	"#C0A480"	"Crystal Garden Conservation Center (extinct 2004), Canada"	2	2	"Nov"	"1995"
"Deceased"	1079	"HOU"	1042	1067	"OMA"	13	"F"	"#D53288FF"	1992-02-14	1992	2005-06-08	2005	"ğŸ‡ºğŸ‡¸"	"ğŸ‡ºğŸ‡¸"	"#20081C"	"Houston Zoo, Inc., United States"	"#746860"	"Omaha's Henry Doorly Zoo, United States"	2	2	"Feb"	"2005"
"Deceased"	1080	"HOU"	1042	1067	"HOU"	1	"F"	"#D53288FF"	1992-02-14	1992	1993-06-15	1993	"ğŸ‡ºğŸ‡¸"	"ğŸ‡ºğŸ‡¸"	"#746860"	"Houston Zoo, Inc., United States"	"#746860"	"Houston Zoo, Inc., United States"	2	2	"Feb"	"1993"
"Deceased"	1081	"SOZ"	1057	1060	"SOZ"	0	"F"	"#D53288FF"	1992-02-29	1992	1992-02-29	1992	"ğŸ‡ºğŸ‡¸"	"ğŸ‡ºğŸ‡¸"	"#687464"	"San Diego Zoo, United States"	"#687464"	"San Diego Zoo, United States"	2	2	"Feb"	"1992"
"Deceased"	1136	"SEA"	1064	1043	"SEA"	0	"U"	"#21B14BFF"	1992-03-30	1992	1992-03-30	1992	"ğŸ‡ºğŸ‡¸"	"ğŸ‡ºğŸ‡¸"	"#B4A078"	"Woodland Park Zoo, United States"	"#B4A078"	"Woodland Park Zoo, United States"	0	3	"Mar"	"1992"
"Deceased"	1137	"SEA"	1064	1043	"SEA"	0	"U"	"#21B14BFF"	1992-03-30	1992	1992-03-30	1992	"ğŸ‡ºğŸ‡¸"	"ğŸ‡ºğŸ‡¸"	"#B4A078"	"Woodland Park Zoo, United States"	"#B4A078"	"Woodland Park Zoo, United States"	0	3	"Mar"	"1992"
"Deceased"	1082	"CBR"	1051	1054	"PAI"	3	"M"	"#3F459BFF"	1992-04-03	1992	1995-04-13	1995	"ğŸ‡ºğŸ‡¸"	"ğŸ‡¬ğŸ‡§"	"#546054"	"Chicago Zoological Park / Brookfield Zoo, United States"	"#5C8050"	"Paignton Zoo Environmental Park, United Kingdom"	1	1	"Apr"	"1995"
"Deceased"	1083	"PHI"	1041	1040	"WHE"	9	"F"	"#D53288FF"	1992-08-08	1992	2001-08-19	2001	"ğŸ‡ºğŸ‡¸"	"ğŸ‡ºğŸ‡¸"	"#D8CCA0"	"Philadelphia Zoo, United States"	"#38302C"	"Oglebay's Good Children's Zoo, United States"	2	2	"Aug"	"2001"
"Deceased"	1084	"PHI"	1041	1040	"PHI"	6	"F"	"#D53288FF"	1992-08-08	1992	1999-06-07	1999	"ğŸ‡ºğŸ‡¸"	"ğŸ‡ºğŸ‡¸"	"#38302C"	"Philadelphia Zoo, United States"	"#38302C"	"Philadelphia Zoo, United States"	2	2	"Aug"	"1999"
"Deceased"	1085	"PHI"	1041	1040	"PHI"	0	"U"	"#21B14BFF"	1992-08-08	1992	1992-08-10	1992	"ğŸ‡ºğŸ‡¸"	"ğŸ‡ºğŸ‡¸"	"#38302C"	"Philadelphia Zoo, United States"	"#38302C"	"Philadelphia Zoo, United States"	0	3	"Aug"	"1992"
"Deceased"	1086	"PHI"	1041	1040	"PHI"	0	"U"	"#21B14BFF"	1992-08-08	1992	1992-08-09	1992	"ğŸ‡ºğŸ‡¸"	"ğŸ‡ºğŸ‡¸"	"#38302C"	"Philadelphia Zoo, United States"	"#38302C"	"Philadelphia Zoo, United States"	0	3	"Aug"	"1992"
"Deceased"	1090	"CRY"	1015	1014	"OAS"	14	"M"	"#3F459BFF"	1992-11-14	1992	2007-06-05	2007	"ğŸ‡¨ğŸ‡¦"	"ğŸ‡¨ğŸ‡¦"	"#A49C84"	"Crystal Garden Conservation Center (extinct 2004), Canada"	"#C0A480"	"OASES (John Creviston), Canada"	1	1	"Nov"	"2007"
"Deceased"	1091	"CRY"	1015	1014	"IND"	15	"F"	"#D53288FF"	1992-11-14	1992	2007-11-21	2007	"ğŸ‡¨ğŸ‡¦"	"ğŸ‡¨ğŸ‡¦"	"#7CA060"	"Crystal Garden Conservation Center (extinct 2004), Canada"	"#C0A480"	"Indian River Reptile Zoo, Canada"	2	2	"Nov"	"2007"
"Deceased"	1092	"SOZ"	1017	1021	"SOZ"	0	"M"	"#3F459BFF"	1993-03-24	1993	1993-03-27	1993	"ğŸ‡ºğŸ‡¸"	"ğŸ‡ºğŸ‡¸"	"#687464"	"San Diego Zoo, United States"	"#687464"	"San Diego Zoo, United States"	1	1	"Mar"	"1993"
"Deceased"	1113	"UND"	NA	NA	"SOZ"	18	"M"	"#3F459BFF"	1993-03-27	1993	2011-03-02	2011	"ğŸš©"	"ğŸ‡ºğŸ‡¸"	"#687464"	"Wild, Undetermined"	"#D48C80"	"San Diego Zoo, United States"	1	1	"Mar"	"2011"
"Deceased"	1093	"CBR"	1051	1054	"HOU"	9	"M"	"#3F459BFF"	1993-05-30	1993	2003-04-20	2003	"ğŸ‡ºğŸ‡¸"	"ğŸ‡ºğŸ‡¸"	"#746860"	"Chicago Zoological Park / Brookfield Zoo, United States"	"#5C8050"	"Houston Zoo, Inc., United States"	1	1	"May"	"2003"
"Deceased"	1094	"CBR"	1051	1054	"CIN"	0	"F"	"#D53288FF"	1993-05-30	1993	1994-04-22	1994	"ğŸ‡ºğŸ‡¸"	"ğŸ‡ºğŸ‡¸"	"#948864"	"Chicago Zoological Park / Brookfield Zoo, United States"	"#5C8050"	"Cincinnati Zoo & Botanical Garden, United States"	2	2	"May"	"1994"
"Deceased"	1114	"VIE"	NA	NA	"CRY"	6	"M"	"#3F459BFF"	1993-06-06	1993	2000-01-20	2000	"ğŸ‡»ğŸ‡³"	"ğŸ‡¨ğŸ‡¦"	"#C0A480"	"Wild, Vietnam"	"#C0B090"	"Crystal Garden Conservation Center (extinct 2004), Canada"	1	1	"Jun"	"2000"
"Deceased"	1095	"PHI"	1041	1040	"PHI"	0	"F"	"#D53288FF"	1994-03-09	1994	1994-03-10	1994	"ğŸ‡ºğŸ‡¸"	"ğŸ‡ºğŸ‡¸"	"#38302C"	"Philadelphia Zoo, United States"	"#38302C"	"Philadelphia Zoo, United States"	2	2	"Mar"	"1994"
"Deceased"	1096	"PHI"	1041	1040	"PHI"	0	"M"	"#3F459BFF"	1994-03-09	1994	1994-03-16	1994	"ğŸ‡ºğŸ‡¸"	"ğŸ‡ºğŸ‡¸"	"#38302C"	"Philadelphia Zoo, United States"	"#38302C"	"Philadelphia Zoo, United States"	1	1	"Mar"	"1994"
"Deceased"	1097	"DUK"	1023	1008	"DUK"	19	"F"	"#D53288FF"	1994-03-15	1994	2013-06-14	2013	"ğŸ‡ºğŸ‡¸"	"ğŸ‡ºğŸ‡¸"	"#940834"	"Duke Lemur Center, United States"	"#940834"	"Duke Lemur Center, United States"	2	2	"Mar"	"2013"
"Deceased"	1098	"CBR"	1051	1054	"SOZ"	14	"M"	"#3F459BFF"	1994-03-18	1994	2008-10-01	2008	"ğŸ‡ºğŸ‡¸"	"ğŸ‡ºğŸ‡¸"	"#687464"	"Chicago Zoological Park / Brookfield Zoo, United States"	"#5C8050"	"San Diego Zoo, United States"	1	1	"Mar"	"2008"
"Deceased"	1099	"CBR"	1051	1054	"MEM"	11	"F"	"#D53288FF"	1994-03-18	1994	2006-01-01	2006	"ğŸ‡ºğŸ‡¸"	"ğŸ‡ºğŸ‡¸"	"#381C28"	"Chicago Zoological Park / Brookfield Zoo, United States"	"#5C8050"	"Memphis Zoological Garden & Aquarium, United States"	2	2	"Mar"	"2006"
"Deceased"	1100	"DUK"	1012	1044	"DUK"	0	"F"	"#D53288FF"	1994-04-11	1994	1994-04-11	1994	"ğŸ‡ºğŸ‡¸"	"ğŸ‡ºğŸ‡¸"	"#940834"	"Duke Lemur Center, United States"	"#940834"	"Duke Lemur Center, United States"	2	2	"Apr"	"1994"
"Deceased"	1101	"DUK"	1012	1044	"DUK"	0	"F"	"#D53288FF"	1994-04-11	1994	1994-04-11	1994	"ğŸ‡ºğŸ‡¸"	"ğŸ‡ºğŸ‡¸"	"#940834"	"Duke Lemur Center, United States"	"#940834"	"Duke Lemur Center, United States"	2	2	"Apr"	"1994"
"Deceased"	2208	"FRA"	2108	2129	"MIN"	16	"M"	"#3F459BFF"	1994-04-27	1994	2010-10-29	2010	"ğŸ‡©ğŸ‡ª"	"ğŸ‡ºğŸ‡¸"	"#747C78"	"Zoologischer Garten Frankfurt, Germany"	"#B49474"	"Minnesota Zoological Garden, United States"	1	1	"Apr"	"2010"
"Deceased"	1102	"SEA"	1064	1088	"SEA"	12	"M"	"#3F459BFF"	1995-02-11	1995	2007-07-08	2007	"ğŸ‡ºğŸ‡¸"	"ğŸ‡ºğŸ‡¸"	"#B4A078"	"Woodland Park Zoo, United States"	"#B4A078"	"Woodland Park Zoo, United States"	1	1	"Feb"	"2007"
"Deceased"	1103	"DUK"	1012	1044	"DUK"	14	"M"	"#3F459BFF"	1995-02-15	1995	2009-08-22	2009	"ğŸ‡ºğŸ‡¸"	"ğŸ‡ºğŸ‡¸"	"#940834"	"Duke Lemur Center, United States"	"#940834"	"Duke Lemur Center, United States"	1	1	"Feb"	"2009"
"Deceased"	1104	"DUK"	1012	1044	"SEA"	15	"M"	"#3F459BFF"	1995-02-15	1995	2010-08-18	2010	"ğŸ‡ºğŸ‡¸"	"ğŸ‡ºğŸ‡¸"	"#B4A078"	"Duke Lemur Center, United States"	"#940834"	"Woodland Park Zoo, United States"	1	1	"Feb"	"2010"
"Deceased"	1105	"SOZ"	1057	1060	"SOZ"	19	"F"	"#D53288FF"	1995-02-22	1995	2014-06-24	2014	"ğŸ‡ºğŸ‡¸"	"ğŸ‡ºğŸ‡¸"	"#687464"	"San Diego Zoo, United States"	"#687464"	"San Diego Zoo, United States"	2	2	"Feb"	"2014"
"Deceased"	1106	"PHI"	1041	1040	"MEM"	10	"M"	"#3F459BFF"	1995-02-23	1995	2005-06-01	2005	"ğŸ‡ºğŸ‡¸"	"ğŸ‡ºğŸ‡¸"	"#381C28"	"Philadelphia Zoo, United States"	"#38302C"	"Memphis Zoological Garden & Aquarium, United States"	1	1	"Feb"	"2005"
"Deceased"	1107	"PHI"	1041	1040	"CBR"	9	"F"	"#D53288FF"	1995-02-23	1995	2004-06-02	2004	"ğŸ‡ºğŸ‡¸"	"ğŸ‡ºğŸ‡¸"	"#5C8050"	"Philadelphia Zoo, United States"	"#38302C"	"Chicago Zoological Park / Brookfield Zoo, United States"	2	2	"Feb"	"2004"
"Deceased"	1108	"SOZ"	1017	1019	"SOZ"	19	"M"	"#3F459BFF"	1995-02-26	1995	2014-06-10	2014	"ğŸ‡ºğŸ‡¸"	"ğŸ‡ºğŸ‡¸"	"#687464"	"San Diego Zoo, United States"	"#687464"	"San Diego Zoo, United States"	1	1	"Feb"	"2014"
"Deceased"	1109	"CBR"	1051	1054	"CBR"	3	"F"	"#D53288FF"	1995-03-26	1995	1998-03-07	1998	"ğŸ‡ºğŸ‡¸"	"ğŸ‡ºğŸ‡¸"	"#5C8050"	"Chicago Zoological Park / Brookfield Zoo, United States"	"#5C8050"	"Chicago Zoological Park / Brookfield Zoo, United States"	2	2	"Mar"	"1998"
"Deceased"	1110	"CBR"	1051	1054	"CBR"	0	"M"	"#3F459BFF"	1995-03-26	1995	1995-03-26	1995	"ğŸ‡ºğŸ‡¸"	"ğŸ‡ºğŸ‡¸"	"#5C8050"	"Chicago Zoological Park / Brookfield Zoo, United States"	"#5C8050"	"Chicago Zoological Park / Brookfield Zoo, United States"	1	1	"Mar"	"1995"
"Deceased"	1124	"VIE"	NA	NA	"PUE"	18	"F"	"#D53288FF"	1995-03-28	1995	2013-08-20	2013	"ğŸ‡»ğŸ‡³"	"ğŸ‡ºğŸ‡¸"	"#000000"	"Wild, Vietnam"	"#C0B090"	"Pueblo Zoo, United States"	2	2	"Mar"	"2013"
"Deceased"	1125	"VIE"	NA	NA	"PUE"	17	"M"	"#3F459BFF"	1995-03-28	1995	2012-09-11	2012	"ğŸ‡»ğŸ‡³"	"ğŸ‡ºğŸ‡¸"	"#000000"	"Wild, Vietnam"	"#C0B090"	"Pueblo Zoo, United States"	1	1	"Mar"	"2012"
"Deceased"	1126	"VIE"	NA	NA	"MIN"	9	"F"	"#D53288FF"	1995-07-19	1995	2004-11-11	2004	"ğŸ‡»ğŸ‡³"	"ğŸ‡ºğŸ‡¸"	"#747C78"	"Wild, Vietnam"	"#C0B090"	"Minnesota Zoological Garden, United States"	2	2	"Jul"	"2004"
"Deceased"	1127	"VIE"	NA	NA	"SEA"	13	"F"	"#D53288FF"	1995-07-19	1995	2008-10-14	2008	"ğŸ‡»ğŸ‡³"	"ğŸ‡ºğŸ‡¸"	"#B4A078"	"Wild, Vietnam"	"#C0B090"	"Woodland Park Zoo, United States"	2	2	"Jul"	"2008"
"Deceased"	1115	"SEA"	1064	1088	"CLE"	17	"F"	"#D53288FF"	1996-01-05	1996	2013-08-06	2013	"ğŸ‡ºğŸ‡¸"	"ğŸ‡ºğŸ‡¸"	"#703440"	"Woodland Park Zoo, United States"	"#B4A078"	"Cleveland Metroparks Zoo, United States"	2	2	"Jan"	"2013"
"Deceased"	1116	"SEA"	1064	1088	"CBR"	13	"M"	"#3F459BFF"	1996-01-05	1996	2009-01-30	2009	"ğŸ‡ºğŸ‡¸"	"ğŸ‡ºğŸ‡¸"	"#5C8050"	"Woodland Park Zoo, United States"	"#B4A078"	"Chicago Zoological Park / Brookfield Zoo, United States"	1	1	"Jan"	"2009"
"Deceased"	1117	"CBR"	1051	1054	"CBR"	0	"F"	"#D53288FF"	1996-02-02	1996	1996-02-02	1996	"ğŸ‡ºğŸ‡¸"	"ğŸ‡ºğŸ‡¸"	"#5C8050"	"Chicago Zoological Park / Brookfield Zoo, United States"	"#5C8050"	"Chicago Zoological Park / Brookfield Zoo, United States"	2	2	"Feb"	"1996"
"Deceased"	1118	"CBR"	1051	1054	"CBR"	0	"F"	"#D53288FF"	1996-02-02	1996	1996-02-02	1996	"ğŸ‡ºğŸ‡¸"	"ğŸ‡ºğŸ‡¸"	"#5C8050"	"Chicago Zoological Park / Brookfield Zoo, United States"	"#5C8050"	"Chicago Zoological Park / Brookfield Zoo, United States"	2	2	"Feb"	"1996"
"Deceased"	1119	"SOZ"	1059	1058	"SOZ"	0	"M"	"#3F459BFF"	1996-02-07	1996	1996-02-08	1996	"ğŸ‡ºğŸ‡¸"	"ğŸ‡ºğŸ‡¸"	"#687464"	"San Diego Zoo, United States"	"#687464"	"San Diego Zoo, United States"	1	1	"Feb"	"1996"
"Deceased"	1120	"SOZ"	1059	1058	"CBR"	19	"F"	"#D53288FF"	1996-02-07	1996	2015-05-21	2015	"ğŸ‡ºğŸ‡¸"	"ğŸ‡ºğŸ‡¸"	"#5C8050"	"San Diego Zoo, United States"	"#687464"	"Chicago Zoological Park / Brookfield Zoo, United States"	2	2	"Feb"	"2015"
"Deceased"	1121	"SOZ"	1057	1060	"MOO"	17	"M"	"#3F459BFF"	1996-02-20	1996	2013-09-17	2013	"ğŸ‡ºğŸ‡¸"	"ğŸ‡ºğŸ‡¸"	"#CCCCBC"	"San Diego Zoo, United States"	"#687464"	"Aquarium & Rainforest at Moody Gardens, United States"	1	1	"Feb"	"2013"
"Deceased"	1122	"SOZ"	1057	1060	"LIT"	17	"M"	"#3F459BFF"	1996-02-20	1996	2013-12-09	2013	"ğŸ‡ºğŸ‡¸"	"ğŸ‡ºğŸ‡¸"	"#B8B8B0"	"San Diego Zoo, United States"	"#687464"	"Little Rock Zoological Gardens, United States"	1	1	"Feb"	"2013"
"Deceased"	1123	"DUK"	1012	1044	"MIN"	3	"F"	"#D53288FF"	1996-04-25	1996	1999-09-10	1999	"ğŸ‡ºğŸ‡¸"	"ğŸ‡ºğŸ‡¸"	"#747C78"	"Duke Lemur Center, United States"	"#940834"	"Minnesota Zoological Garden, United States"	2	2	"Apr"	"1999"
"Deceased"	2432	"DUK"	1012	1044	"DUK"	0	"M"	"#3F459BFF"	1996-04-25	1996	1996-04-30	1996	"ğŸ‡ºğŸ‡¸"	"ğŸ‡ºğŸ‡¸"	"#940834"	"Duke Lemur Center, United States"	"#940834"	"Duke Lemur Center, United States"	1	1	"Apr"	"1996"
"Deceased"	2233	"FRA"	2108	2129	"COL"	2	"F"	"#D53288FF"	1996-07-30	1996	1998-08-31	1998	"ğŸ‡©ğŸ‡ª"	"ğŸ‡ºğŸ‡¸"	"#C0C4AC"	"Zoologischer Garten Frankfurt, Germany"	"#B49474"	"Columbus Zoo and Aquarium, United States"	2	2	"Jul"	"1998"
"Deceased"	2422	"UND"	NA	NA	"DUK"	20	"F"	"#D53288FF"	1997-01-01	1997	2017-10-26	2017	"ğŸš©"	"ğŸ‡ºğŸ‡¸"	"#940834"	"Wild, Undetermined"	"#D48C80"	"Duke Lemur Center, United States"	2	2	"Jan"	"2017"
"Deceased"	1128	"CBR"	1051	1054	"LIT"	17	"F"	"#D53288FF"	1997-01-10	1997	2014-02-07	2014	"ğŸ‡ºğŸ‡¸"	"ğŸ‡ºğŸ‡¸"	"#B8B8B0"	"Chicago Zoological Park / Brookfield Zoo, United States"	"#5C8050"	"Little Rock Zoological Gardens, United States"	2	2	"Jan"	"2014"
"Deceased"	1129	"CBR"	1051	1054	"CIN"	11	"M"	"#3F459BFF"	1997-01-10	1997	2008-02-07	2008	"ğŸ‡ºğŸ‡¸"	"ğŸ‡ºğŸ‡¸"	"#948864"	"Chicago Zoological Park / Brookfield Zoo, United States"	"#5C8050"	"Cincinnati Zoo & Botanical Garden, United States"	1	1	"Jan"	"2008"
"Deceased"	1130	"PHI"	1041	1040	"PHI"	16	"M"	"#3F459BFF"	1997-01-16	1997	2013-06-13	2013	"ğŸ‡ºğŸ‡¸"	"ğŸ‡ºğŸ‡¸"	"#38302C"	"Philadelphia Zoo, United States"	"#38302C"	"Philadelphia Zoo, United States"	1	1	"Jan"	"2013"
"Deceased"	1131	"SOZ"	1059	1058	"ABQ"	17	"M"	"#3F459BFF"	1997-02-05	1997	2014-09-12	2014	"ğŸ‡ºğŸ‡¸"	"ğŸ‡ºğŸ‡¸"	"#889488"	"San Diego Zoo, United States"	"#687464"	"Albuquerque Biological Park, United States"	1	1	"Feb"	"2014"
"Deceased"	1132	"SOZ"	1059	1058	"COL"	18	"F"	"#D53288FF"	1997-02-05	1997	2015-07-02	2015	"ğŸ‡ºğŸ‡¸"	"ğŸ‡ºğŸ‡¸"	"#C0C4AC"	"San Diego Zoo, United States"	"#687464"	"Columbus Zoo and Aquarium, United States"	2	2	"Feb"	"2015"
"Deceased"	1133	"SOZ"	1065	1061	"SOZ"	0	"F"	"#D53288FF"	1997-02-11	1997	1997-02-12	1997	"ğŸ‡ºğŸ‡¸"	"ğŸ‡ºğŸ‡¸"	"#687464"	"San Diego Zoo, United States"	"#687464"	"San Diego Zoo, United States"	2	2	"Feb"	"1997"
"Deceased"	1134	"SOZ"	1017	1060	"SOZ"	0	"M"	"#3F459BFF"	1997-02-20	1997	1997-04-01	1997	"ğŸ‡ºğŸ‡¸"	"ğŸ‡ºğŸ‡¸"	"#687464"	"San Diego Zoo, United States"	"#687464"	"San Diego Zoo, United States"	1	1	"Feb"	"1997"
"Deceased"	1135	"SOZ"	1017	1060	"SOZ"	17	"F"	"#D53288FF"	1997-02-20	1997	2014-03-26	2014	"ğŸ‡ºğŸ‡¸"	"ğŸ‡ºğŸ‡¸"	"#687464"	"San Diego Zoo, United States"	"#687464"	"San Diego Zoo, United States"	2	2	"Feb"	"2014"
"Deceased"	1138	"CLE"	1078	1088	"CLE"	11	"M"	"#3F459BFF"	1998-05-16	1998	2010-03-27	2010	"ğŸ‡ºğŸ‡¸"	"ğŸ‡ºğŸ‡¸"	"#703440"	"Cleveland Metroparks Zoo, United States"	"#703440"	"Cleveland Metroparks Zoo, United States"	1	1	"May"	"2010"
"Deceased"	1139	"CLE"	1078	1088	"CLE"	8	"F"	"#D53288FF"	1998-05-16	1998	2006-07-02	2006	"ğŸ‡ºğŸ‡¸"	"ğŸ‡ºğŸ‡¸"	"#703440"	"Cleveland Metroparks Zoo, United States"	"#703440"	"Cleveland Metroparks Zoo, United States"	2	2	"May"	"2006"
"Deceased"	1140	"PUE"	1125	1124	"PUE"	4	"M"	"#3F459BFF"	1998-05-26	1998	2003-03-07	2003	"ğŸ‡ºğŸ‡¸"	"ğŸ‡ºğŸ‡¸"	"#000000"	"Pueblo Zoo, United States"	"#000000"	"Pueblo Zoo, United States"	1	1	"May"	"2003"
"Deceased"	2338	"ASI"	NA	NA	"CAL"	13	"M"	"#3F459BFF"	1999-01-01	1999	2012-02-13	2012	"ğŸš©"	"ğŸ‡¨ğŸ‡¦"	"#402C38"	"Wild, Undetermined"	"#ACB4AC"	"Calgary Zoo, Garden & Prehistoric Park, Canada"	1	1	"Jan"	"2012"
"Deceased"	1141	"SOZ"	1059	1089	"SOZ"	18	"M"	"#3F459BFF"	1999-04-19	1999	2018-02-14	2018	"ğŸ‡ºğŸ‡¸"	"ğŸ‡ºğŸ‡¸"	"#687464"	"San Diego Zoo, United States"	"#687464"	"San Diego Zoo, United States"	1	1	"Apr"	"2018"
"Deceased"	1142	"SOZ"	1059	1089	"CHI"	15	"M"	"#3F459BFF"	1999-04-19	1999	2015-02-23	2015	"ğŸ‡ºğŸ‡¸"	"ğŸ‡ºğŸ‡¸"	"#602038"	"San Diego Zoo, United States"	"#687464"	"Lincoln Park Zoological Gardens, United States"	1	1	"Apr"	"2015"
"Deceased"	1143	"OMA"	1104	1115	"OMA"	9	"F"	"#D53288FF"	1999-06-20	1999	2009-01-24	2009	"ğŸ‡ºğŸ‡¸"	"ğŸ‡ºğŸ‡¸"	"#20081C"	"Omaha's Henry Doorly Zoo, United States"	"#20081C"	"Omaha's Henry Doorly Zoo, United States"	2	2	"Jun"	"2009"
"Deceased"	1144	"OMA"	1104	1115	"OMA"	14	"F"	"#D53288FF"	1999-06-20	1999	2013-12-19	2013	"ğŸ‡ºğŸ‡¸"	"ğŸ‡ºğŸ‡¸"	"#20081C"	"Omaha's Henry Doorly Zoo, United States"	"#20081C"	"Omaha's Henry Doorly Zoo, United States"	2	2	"Jun"	"2013"
"Deceased"	1150	"PUE"	1125	1124	"PUE"	1	"M"	"#3F459BFF"	2000-03-08	2000	2002-01-07	2002	"ğŸ‡ºğŸ‡¸"	"ğŸ‡ºğŸ‡¸"	"#000000"	"Pueblo Zoo, United States"	"#000000"	"Pueblo Zoo, United States"	1	1	"Mar"	"2002"
"Deceased"	1151	"PUE"	1125	1124	"CLE"	9	"M"	"#3F459BFF"	2000-03-08	2000	2010-02-21	2010	"ğŸ‡ºğŸ‡¸"	"ğŸ‡ºğŸ‡¸"	"#703440"	"Pueblo Zoo, United States"	"#000000"	"Cleveland Metroparks Zoo, United States"	1	1	"Mar"	"2010"
"Deceased"	1145	"SOZ"	1113	1089	"MOO"	12	"F"	"#D53288FF"	2000-04-27	2000	2012-10-04	2012	"ğŸ‡ºğŸ‡¸"	"ğŸ‡ºğŸ‡¸"	"#CCCCBC"	"San Diego Zoo, United States"	"#687464"	"Aquarium & Rainforest at Moody Gardens, United States"	2	2	"Apr"	"2012"
"Deceased"	1146	"SOZ"	1113	1089	"SOZ"	18	"F"	"#D53288FF"	2000-04-27	2000	2018-05-04	2018	"ğŸ‡ºğŸ‡¸"	"ğŸ‡ºğŸ‡¸"	"#687464"	"San Diego Zoo, United States"	"#687464"	"San Diego Zoo, United States"	2	2	"Apr"	"2018"
"Deceased"	2336	"ASI"	NA	NA	"NYB"	12	"M"	"#3F459BFF"	2000-08-02	2000	2013-03-10	2013	"ğŸš©"	"ğŸ‡ºğŸ‡¸"	"#D0B884"	"Wild, Undetermined"	"#ACB4AC"	"Bronx Zoo/Wildlife Conservation Society, United States"	1	1	"Aug"	"2013"
"Deceased"	2337	"ASI"	NA	NA	"LAN"	10	"M"	"#3F459BFF"	2000-08-02	2000	2010-11-02	2010	"ğŸš©"	"ğŸ‡¨ğŸ‡¦"	"#54444C"	"Wild, Undetermined"	"#ACB4AC"	"Mountain View Conservation & Breeding, Canada"	1	1	"Aug"	"2010"
"Deceased"	2339	"ASI"	NA	NA	"CAL"	1	"F"	"#D53288FF"	2000-08-02	2000	2001-09-17	2001	"ğŸš©"	"ğŸ‡¨ğŸ‡¦"	"#402C38"	"Wild, Undetermined"	"#ACB4AC"	"Calgary Zoo, Garden & Prehistoric Park, Canada"	2	2	"Aug"	"2001"
"Deceased"	2340	"ASI"	NA	NA	"CAL"	6	"F"	"#D53288FF"	2000-08-02	2000	2007-06-01	2007	"ğŸš©"	"ğŸ‡¨ğŸ‡¦"	"#402C38"	"Wild, Undetermined"	"#ACB4AC"	"Calgary Zoo, Garden & Prehistoric Park, Canada"	2	2	"Aug"	"2007"
"Deceased"	2341	"ASI"	NA	NA	"BOW"	11	"F"	"#D53288FF"	2000-08-02	2000	2012-02-14	2012	"ğŸš©"	"ğŸ‡¨ğŸ‡¦"	"#808C78"	"Wild, Undetermined"	"#ACB4AC"	"Bowmanville Zoological Park, Canada"	2	2	"Aug"	"2012"
"Deceased"	2433	"OMA"	1056	1079	"OMA"	0	"U"	"#21B14BFF"	2000-08-03	2000	2000-08-03	2000	"ğŸ‡ºğŸ‡¸"	"ğŸ‡ºğŸ‡¸"	"#20081C"	"Omaha's Henry Doorly Zoo, United States"	"#20081C"	"Omaha's Henry Doorly Zoo, United States"	0	3	"Aug"	"2000"
"Deceased"	1149	"DUK"	1103	1097	"DUK"	0	"F"	"#D53288FF"	2000-09-03	2000	2000-09-03	2000	"ğŸ‡ºğŸ‡¸"	"ğŸ‡ºğŸ‡¸"	"#940834"	"Duke Lemur Center, United States"	"#940834"	"Duke Lemur Center, United States"	2	2	"Sep"	"2000"
"Deceased"	1147	"CBR"	1116	1054	"CBR"	0	"M"	"#3F459BFF"	2000-10-10	2000	2000-10-12	2000	"ğŸ‡ºğŸ‡¸"	"ğŸ‡ºğŸ‡¸"	"#5C8050"	"Chicago Zoological Park / Brookfield Zoo, United States"	"#5C8050"	"Chicago Zoological Park / Brookfield Zoo, United States"	1	1	"Oct"	"2000"
"Deceased"	1148	"CBR"	1116	1054	"CBR"	0	"M"	"#3F459BFF"	2000-10-10	2000	2000-10-12	2000	"ğŸ‡ºğŸ‡¸"	"ğŸ‡ºğŸ‡¸"	"#5C8050"	"Chicago Zoological Park / Brookfield Zoo, United States"	"#5C8050"	"Chicago Zoological Park / Brookfield Zoo, United States"	1	1	"Oct"	"2000"
"Deceased"	2423	"PUB"	12423	2422	"NYB"	15	"F"	"#D53288FF"	2001-01-01	2001	2016-05-21	2016	"ğŸš©"	"ğŸ‡ºğŸ‡¸"	"#D0B884"	"General Public, Undetermined"	"#C4A070"	"Bronx Zoo/Wildlife Conservation Society, United States"	2	2	"Jan"	"2016"
"Deceased"	2329	"PUE"	1125	1124	"PUE"	0	"U"	"#21B14BFF"	2001-02-07	2001	2001-02-07	2001	"ğŸ‡ºğŸ‡¸"	"ğŸ‡ºğŸ‡¸"	"#000000"	"Pueblo Zoo, United States"	"#000000"	"Pueblo Zoo, United States"	0	3	"Feb"	"2001"
"Deceased"	2330	"PUE"	1125	1124	"PUE"	0	"U"	"#21B14BFF"	2001-02-07	2001	2001-02-11	2001	"ğŸ‡ºğŸ‡¸"	"ğŸ‡ºğŸ‡¸"	"#000000"	"Pueblo Zoo, United States"	"#000000"	"Pueblo Zoo, United States"	0	3	"Feb"	"2001"
"Deceased"	2434	"SEA"	1102	1127	"SEA"	0	"U"	"#21B14BFF"	2001-03-17	2001	2001-03-17	2001	"ğŸ‡ºğŸ‡¸"	"ğŸ‡ºğŸ‡¸"	"#B4A078"	"Woodland Park Zoo, United States"	"#B4A078"	"Woodland Park Zoo, United States"	0	3	"Mar"	"2001"
"Deceased"	2333	"DUK"	1103	1097	"DUK"	0	"U"	"#21B14BFF"	2001-05-14	2001	2001-05-14	2001	"ğŸ‡ºğŸ‡¸"	"ğŸ‡ºğŸ‡¸"	"#940834"	"Duke Lemur Center, United States"	"#940834"	"Duke Lemur Center, United States"	0	3	"May"	"2001"
"Deceased"	2334	"DUK"	1103	1097	"DUK"	0	"U"	"#21B14BFF"	2001-05-14	2001	2001-05-14	2001	"ğŸ‡ºğŸ‡¸"	"ğŸ‡ºğŸ‡¸"	"#940834"	"Duke Lemur Center, United States"	"#940834"	"Duke Lemur Center, United States"	0	3	"May"	"2001"
"Deceased"	2335	"DUK"	1103	1097	"DUK"	0	"U"	"#21B14BFF"	2001-05-14	2001	2001-05-23	2001	"ğŸ‡ºğŸ‡¸"	"ğŸ‡ºğŸ‡¸"	"#940834"	"Duke Lemur Center, United States"	"#940834"	"Duke Lemur Center, United States"	0	3	"May"	"2001"
"Deceased"	2421	"UND"	NA	NA	"LOS"	1	"F"	"#D53288FF"	2001-06-01	2001	2003-02-08	2003	"ğŸš©"	"ğŸ‡ºğŸ‡¸"	"#78A074"	"Wild, Undetermined"	"#D48C80"	"Los Angeles Zoo & Botanical Gardens, United States"	2	2	"Jun"	"2003"
"Deceased"	2342	"MIN"	2208	1126	"EVA"	12	"F"	"#D53288FF"	2001-08-15	2001	2013-12-16	2013	"ğŸ‡ºğŸ‡¸"	"ğŸ‡ºğŸ‡¸"	"#8C6C58"	"Minnesota Zoological Garden, United States"	"#747C78"	"Mesker Park Zoo, United States"	2	2	"Aug"	"2013"
"Deceased"	2343	"MIN"	2208	1126	"MIN"	0	"U"	"#21B14BFF"	2001-08-15	2001	2001-08-16	2001	"ğŸ‡ºğŸ‡¸"	"ğŸ‡ºğŸ‡¸"	"#747C78"	"Minnesota Zoological Garden, United States"	"#747C78"	"Minnesota Zoological Garden, United States"	0	3	"Aug"	"2001"
"Deceased"	2402	"SEA"	1102	1127	"GAR"	12	"M"	"#3F459BFF"	2001-11-30	2001	2014-03-04	2014	"ğŸ‡ºğŸ‡¸"	"ğŸ‡ºğŸ‡¸"	"#749C68"	"Woodland Park Zoo, United States"	"#B4A078"	"Lee Richardson Zoo, United States"	1	1	"Nov"	"2014"
"Deceased"	2403	"SEA"	1102	1127	"OMA"	15	"F"	"#D53288FF"	2001-11-30	2001	2017-01-26	2017	"ğŸ‡ºğŸ‡¸"	"ğŸ‡ºğŸ‡¸"	"#20081C"	"Woodland Park Zoo, United States"	"#B4A078"	"Omaha's Henry Doorly Zoo, United States"	2	2	"Nov"	"2017"
"Deceased"	2424	"PUB"	12423	2422	"DUK"	6	"F"	"#D53288FF"	2002-01-01	2002	2008-08-12	2008	"ğŸš©"	"ğŸ‡ºğŸ‡¸"	"#940834"	"General Public, Undetermined"	"#C4A070"	"Duke Lemur Center, United States"	2	2	"Jan"	"2008"
"Deceased"	2420	"UND"	NA	NA	"DUK"	10	"M"	"#3F459BFF"	2002-01-03	2002	2012-04-04	2012	"ğŸš©"	"ğŸ‡ºğŸ‡¸"	"#940834"	"Wild, Undetermined"	"#D48C80"	"Duke Lemur Center, United States"	1	1	"Jan"	"2012"
"Deceased"	2405	"CAL"	2338	2340	"BOW"	11	"F"	"#D53288FF"	2002-02-08	2002	2013-07-14	2013	"ğŸ‡¨ğŸ‡¦"	"ğŸ‡¨ğŸ‡¦"	"#808C78"	"Calgary Zoo, Garden & Prehistoric Park, Canada"	"#402C38"	"Bowmanville Zoological Park, Canada"	2	2	"Feb"	"2013"
"Deceased"	2406	"DUK"	1103	1097	"DUK"	10	"M"	"#3F459BFF"	2002-03-04	2002	2012-05-08	2012	"ğŸ‡ºğŸ‡¸"	"ğŸ‡ºğŸ‡¸"	"#940834"	"Duke Lemur Center, United States"	"#940834"	"Duke Lemur Center, United States"	1	1	"Mar"	"2012"
"Deceased"	2407	"DUK"	1103	1097	"DUK"	0	"M"	"#3F459BFF"	2002-03-04	2002	2002-03-05	2002	"ğŸ‡ºğŸ‡¸"	"ğŸ‡ºğŸ‡¸"	"#940834"	"Duke Lemur Center, United States"	"#940834"	"Duke Lemur Center, United States"	1	1	"Mar"	"2002"
"Deceased"	2408	"SOZ"	1113	1089	"AKR"	13	"M"	"#3F459BFF"	2002-03-25	2002	2015-03-01	2015	"ğŸ‡ºğŸ‡¸"	"ğŸ‡ºğŸ‡¸"	"#CCC4A8"	"San Diego Zoo, United States"	"#687464"	"Akron Zoological Park, United States"	1	1	"Mar"	"2015"
"Deceased"	2409	"SOZ"	1113	1089	"ATT"	17	"M"	"#3F459BFF"	2002-03-25	2002	2019-03-13	2019	"ğŸ‡ºğŸ‡¸"	"ğŸ‡ºğŸ‡¸"	"#2C2838"	"San Diego Zoo, United States"	"#687464"	"Capron Park Zoo, United States"	1	1	"Mar"	"2019"
"Deceased"	2410	"PUE"	1125	1124	"PUE"	1	"M"	"#3F459BFF"	2002-04-05	2002	2004-01-13	2004	"ğŸ‡ºğŸ‡¸"	"ğŸ‡ºğŸ‡¸"	"#000000"	"Pueblo Zoo, United States"	"#000000"	"Pueblo Zoo, United States"	1	1	"Apr"	"2004"
"Deceased"	2411	"PUE"	1125	1124	"BUS"	13	"F"	"#D53288FF"	2002-04-05	2002	2015-06-16	2015	"ğŸ‡ºğŸ‡¸"	"ğŸ‡ºğŸ‡¸"	"#300828"	"Pueblo Zoo, United States"	"#000000"	"Busch Gardens Tampa Bay, United States"	2	2	"Apr"	"2015"
"Deceased"	2412	"MIN"	2208	1126	"CHI"	2	"M"	"#3F459BFF"	2002-06-03	2002	2005-01-28	2005	"ğŸ‡ºğŸ‡¸"	"ğŸ‡ºğŸ‡¸"	"#602038"	"Minnesota Zoological Garden, United States"	"#747C78"	"Lincoln Park Zoological Gardens, United States"	1	1	"Jun"	"2005"
"Deceased"	2413	"MIN"	2208	1126	"CLE"	5	"F"	"#D53288FF"	2002-06-03	2002	2007-08-01	2007	"ğŸ‡ºğŸ‡¸"	"ğŸ‡ºğŸ‡¸"	"#703440"	"Minnesota Zoological Garden, United States"	"#747C78"	"Cleveland Metroparks Zoo, United States"	2	2	"Jun"	"2007"
"Deceased"	2414	"SEA"	1102	1127	"CLE"	17	"F"	"#D53288FF"	2002-11-05	2002	2020-04-24	2020	"ğŸ‡ºğŸ‡¸"	"ğŸ‡ºğŸ‡¸"	"#703440"	"Woodland Park Zoo, United States"	"#B4A078"	"Cleveland Metroparks Zoo, United States"	2	2	"Nov"	"2020"
"Deceased"	2415	"SEA"	1102	1127	"MEM"	7	"M"	"#3F459BFF"	2002-11-05	2002	2010-05-12	2010	"ğŸ‡ºğŸ‡¸"	"ğŸ‡ºğŸ‡¸"	"#381C28"	"Woodland Park Zoo, United States"	"#B4A078"	"Memphis Zoological Garden & Aquarium, United States"	1	1	"Nov"	"2010"
"Deceased"	2416	"CAL"	2338	2340	"MEM"	15	"F"	"#D53288FF"	2002-12-20	2002	2018-05-21	2018	"ğŸ‡¨ğŸ‡¦"	"ğŸ‡ºğŸ‡¸"	"#381C28"	"Calgary Zoo, Garden & Prehistoric Park, Canada"	"#402C38"	"Memphis Zoological Garden & Aquarium, United States"	2	2	"Dec"	"2018"
"Deceased"	2417	"CAL"	2338	2340	"NYB"	13	"M"	"#3F459BFF"	2002-12-20	2002	2016-02-23	2016	"ğŸ‡¨ğŸ‡¦"	"ğŸ‡ºğŸ‡¸"	"#D0B884"	"Calgary Zoo, Garden & Prehistoric Park, Canada"	"#402C38"	"Bronx Zoo/Wildlife Conservation Society, United States"	1	1	"Dec"	"2016"
"Deceased"	2400	"MIN"	2208	1126	"AKR"	6	"F"	"#D53288FF"	2003-01-04	2003	2009-12-30	2009	"ğŸ‡ºğŸ‡¸"	"ğŸ‡ºğŸ‡¸"	"#CCC4A8"	"Minnesota Zoological Garden, United States"	"#747C78"	"Akron Zoological Park, United States"	2	2	"Jan"	"2009"
"Deceased"	2418	"PUE"	1125	1124	"AKR"	12	"F"	"#D53288FF"	2003-02-09	2003	2016-01-31	2016	"ğŸ‡ºğŸ‡¸"	"ğŸ‡ºğŸ‡¸"	"#CCC4A8"	"Pueblo Zoo, United States"	"#000000"	"Akron Zoological Park, United States"	2	2	"Feb"	"2016"
"Deceased"	2419	"PUE"	1125	1124	"PUE"	0	"U"	"#21B14BFF"	2003-02-09	2003	2003-02-13	2003	"ğŸ‡ºğŸ‡¸"	"ğŸ‡ºğŸ‡¸"	"#000000"	"Pueblo Zoo, United States"	"#000000"	"Pueblo Zoo, United States"	0	3	"Feb"	"2003"
"Deceased"	2425	"CBR"	1116	1120	"CBR"	9	"M"	"#3F459BFF"	2003-08-03	2003	2012-10-26	2012	"ğŸ‡ºğŸ‡¸"	"ğŸ‡ºğŸ‡¸"	"#5C8050"	"Chicago Zoological Park / Brookfield Zoo, United States"	"#5C8050"	"Chicago Zoological Park / Brookfield Zoo, United States"	1	1	"Aug"	"2012"
"Deceased"	2426	"CBR"	1116	1120	"CBR"	10	"F"	"#D53288FF"	2003-08-03	2003	2014-05-16	2014	"ğŸ‡ºğŸ‡¸"	"ğŸ‡ºğŸ‡¸"	"#5C8050"	"Chicago Zoological Park / Brookfield Zoo, United States"	"#5C8050"	"Chicago Zoological Park / Brookfield Zoo, United States"	2	2	"Aug"	"2014"
"Deceased"	2427	"CAL"	2338	2340	"EVA"	12	"M"	"#3F459BFF"	2003-09-05	2003	2016-02-08	2016	"ğŸ‡¨ğŸ‡¦"	"ğŸ‡ºğŸ‡¸"	"#8C6C58"	"Calgary Zoo, Garden & Prehistoric Park, Canada"	"#402C38"	"Mesker Park Zoo, United States"	1	1	"Sep"	"2016"
"Deceased"	2428	"CAL"	2338	2340	"OMA"	12	"F"	"#D53288FF"	2003-09-05	2003	2016-03-12	2016	"ğŸ‡¨ğŸ‡¦"	"ğŸ‡ºğŸ‡¸"	"#20081C"	"Calgary Zoo, Garden & Prehistoric Park, Canada"	"#402C38"	"Omaha's Henry Doorly Zoo, United States"	2	2	"Sep"	"2016"
"Deceased"	2429	"QUE"	2337	2341	"EVA"	17	"F"	"#D53288FF"	2003-10-27	2003	2020-12-17	2020	"ğŸ‡¨ğŸ‡¦"	"ğŸ‡ºğŸ‡¸"	"#8C6C58"	"Jardin Zoologique du Quebec (extinct), Canada"	"#7C7460"	"Mesker Park Zoo, United States"	2	2	"Oct"	"2020"
"Deceased"	2430	"PUE"	1125	1124	"ATT"	13	"F"	"#D53288FF"	2003-12-22	2003	2017-03-27	2017	"ğŸ‡ºğŸ‡¸"	"ğŸ‡ºğŸ‡¸"	"#2C2838"	"Pueblo Zoo, United States"	"#000000"	"Capron Park Zoo, United States"	2	2	"Dec"	"2017"
"Deceased"	2431	"PUE"	1125	1124	"PUE"	0	"M"	"#3F459BFF"	2003-12-22	2003	2003-12-22	2003	"ğŸ‡ºğŸ‡¸"	"ğŸ‡ºğŸ‡¸"	"#000000"	"Pueblo Zoo, United States"	"#000000"	"Pueblo Zoo, United States"	1	1	"Dec"	"2003"
"Deceased"	2435	"MIN"	2208	1126	"SOZ"	16	"M"	"#3F459BFF"	2004-08-10	2004	2021-04-29	2021	"ğŸ‡ºğŸ‡¸"	"ğŸ‡ºğŸ‡¸"	"#687464"	"Minnesota Zoological Garden, United States"	"#747C78"	"San Diego Zoo, United States"	1	1	"Aug"	"2021"
"Deceased"	2436	"MIN"	2208	1126	"PUE"	14	"F"	"#D53288FF"	2004-08-10	2004	2018-12-12	2018	"ğŸ‡ºğŸ‡¸"	"ğŸ‡ºğŸ‡¸"	"#000000"	"Minnesota Zoological Garden, United States"	"#747C78"	"Pueblo Zoo, United States"	2	2	"Aug"	"2018"
"Deceased"	2437	"PUE"	1125	1124	"PUE"	0	"U"	"#21B14BFF"	2004-08-11	2004	2004-08-14	2004	"ğŸ‡ºğŸ‡¸"	"ğŸ‡ºğŸ‡¸"	"#000000"	"Pueblo Zoo, United States"	"#000000"	"Pueblo Zoo, United States"	0	3	"Aug"	"2004"
"Deceased"	2438	"PUE"	1125	1124	"PUE"	0	"U"	"#21B14BFF"	2004-08-11	2004	2004-08-14	2004	"ğŸ‡ºğŸ‡¸"	"ğŸ‡ºğŸ‡¸"	"#000000"	"Pueblo Zoo, United States"	"#000000"	"Pueblo Zoo, United States"	0	3	"Aug"	"2004"
"Deceased"	2490	"CLE"	1138	2413	"CLE"	0	"U"	"#21B14BFF"	2004-08-20	2004	2004-08-24	2004	"ğŸ‡ºğŸ‡¸"	"ğŸ‡ºğŸ‡¸"	"#703440"	"Cleveland Metroparks Zoo, United States"	"#703440"	"Cleveland Metroparks Zoo, United States"	0	3	"Aug"	"2004"
"Deceased"	2439	"CAL"	2338	2340	"CAL"	0	"M"	"#3F459BFF"	2004-08-22	2004	2004-08-27	2004	"ğŸ‡¨ğŸ‡¦"	"ğŸ‡¨ğŸ‡¦"	"#402C38"	"Calgary Zoo, Garden & Prehistoric Park, Canada"	"#402C38"	"Calgary Zoo, Garden & Prehistoric Park, Canada"	1	1	"Aug"	"2004"
"Deceased"	2440	"CAL"	2338	2340	"CAL"	0	"M"	"#3F459BFF"	2004-08-22	2004	2004-08-22	2004	"ğŸ‡¨ğŸ‡¦"	"ğŸ‡¨ğŸ‡¦"	"#402C38"	"Calgary Zoo, Garden & Prehistoric Park, Canada"	"#402C38"	"Calgary Zoo, Garden & Prehistoric Park, Canada"	1	1	"Aug"	"2004"
"Deceased"	2451	"DUK"	1103	1097	"PUE"	11	"F"	"#D53288FF"	2004-10-02	2004	2016-02-05	2016	"ğŸ‡ºğŸ‡¸"	"ğŸ‡ºğŸ‡¸"	"#000000"	"Duke Lemur Center, United States"	"#940834"	"Pueblo Zoo, United States"	2	2	"Oct"	"2016"
"Deceased"	2441	"SOZ"	1108	1146	"SOZ"	0	"M"	"#3F459BFF"	2005-01-23	2005	2005-01-23	2005	"ğŸ‡ºğŸ‡¸"	"ğŸ‡ºğŸ‡¸"	"#687464"	"San Diego Zoo, United States"	"#687464"	"San Diego Zoo, United States"	1	1	"Jan"	"2005"
"Deceased"	2442	"SOZ"	1108	1146	"SOZ"	0	"M"	"#3F459BFF"	2005-01-23	2005	2005-01-23	2005	"ğŸ‡ºğŸ‡¸"	"ğŸ‡ºğŸ‡¸"	"#687464"	"San Diego Zoo, United States"	"#687464"	"San Diego Zoo, United States"	1	1	"Jan"	"2005"
"Deceased"	2444	"QUE"	2337	2341	"BOW"	11	"M"	"#3F459BFF"	2005-02-15	2005	2016-07-24	2016	"ğŸ‡¨ğŸ‡¦"	"ğŸ‡¨ğŸ‡¦"	"#808C78"	"Jardin Zoologique du Quebec (extinct), Canada"	"#7C7460"	"Bowmanville Zoological Park, Canada"	1	1	"Feb"	"2016"
"Deceased"	2493	"QUE"	2337	2341	"BOW"	11	"M"	"#3F459BFF"	2005-02-15	2005	2016-07-24	2016	"ğŸ‡¨ğŸ‡¦"	"ğŸ‡¨ğŸ‡¦"	"#808C78"	"Jardin Zoologique du Quebec (extinct), Canada"	"#7C7460"	"Bowmanville Zoological Park, Canada"	1	1	"Feb"	"2016"
"Deceased"	2445	"PUE"	1125	1124	"PUE"	0	"U"	"#21B14BFF"	2005-03-30	2005	2005-04-01	2005	"ğŸ‡ºğŸ‡¸"	"ğŸ‡ºğŸ‡¸"	"#000000"	"Pueblo Zoo, United States"	"#000000"	"Pueblo Zoo, United States"	0	3	"Mar"	"2005"
"Deceased"	2446	"PUE"	1125	1124	"PUE"	0	"U"	"#21B14BFF"	2005-04-01	2005	2005-04-01	2005	"ğŸ‡ºğŸ‡¸"	"ğŸ‡ºğŸ‡¸"	"#000000"	"Pueblo Zoo, United States"	"#000000"	"Pueblo Zoo, United States"	0	3	"Apr"	"2005"
"Deceased"	2447	"CAL"	2338	2340	"CAL"	0	"U"	"#21B14BFF"	2005-04-09	2005	2005-04-09	2005	"ğŸ‡¨ğŸ‡¦"	"ğŸ‡¨ğŸ‡¦"	"#402C38"	"Calgary Zoo, Garden & Prehistoric Park, Canada"	"#402C38"	"Calgary Zoo, Garden & Prehistoric Park, Canada"	0	3	"Apr"	"2005"
"Deceased"	2448	"CAL"	2338	2340	"CAL"	0	"U"	"#21B14BFF"	2005-04-09	2005	2005-04-09	2005	"ğŸ‡¨ğŸ‡¦"	"ğŸ‡¨ğŸ‡¦"	"#402C38"	"Calgary Zoo, Garden & Prehistoric Park, Canada"	"#402C38"	"Calgary Zoo, Garden & Prehistoric Park, Canada"	0	3	"Apr"	"2005"
"Deceased"	2449	"SOZ"	1108	1146	"ELP"	11	"M"	"#3F459BFF"	2005-09-17	2005	2017-07-15	2017	"ğŸ‡ºğŸ‡¸"	"ğŸ‡ºğŸ‡¸"	"#B0A890"	"San Diego Zoo, United States"	"#687464"	"El Paso Zoo, United States"	1	1	"Sep"	"2017"
"Deceased"	2450	"SOZ"	1108	1146	"ELP"	15	"M"	"#3F459BFF"	2005-09-17	2005	2020-10-15	2020	"ğŸ‡ºğŸ‡¸"	"ğŸ‡ºğŸ‡¸"	"#B0A890"	"San Diego Zoo, United States"	"#687464"	"El Paso Zoo, United States"	1	1	"Sep"	"2020"
"Deceased"	2452	"CLE"	1138	2413	"CLE"	0	"U"	"#21B14BFF"	2005-12-24	2005	2005-12-24	2005	"ğŸ‡ºğŸ‡¸"	"ğŸ‡ºğŸ‡¸"	"#703440"	"Cleveland Metroparks Zoo, United States"	"#703440"	"Cleveland Metroparks Zoo, United States"	0	3	"Dec"	"2005"
"Deceased"	2703	"CLE"	1138	2413	"CLE"	0	"U"	"#21B14BFF"	2005-12-24	2005	2005-12-24	2005	"ğŸ‡ºğŸ‡¸"	"ğŸ‡ºğŸ‡¸"	"#703440"	"Cleveland Metroparks Zoo, United States"	"#703440"	"Cleveland Metroparks Zoo, United States"	0	3	"Dec"	"2005"
"Deceased"	2704	"CLE"	1138	2413	"CLE"	0	"U"	"#21B14BFF"	2005-12-24	2005	2005-12-24	2005	"ğŸ‡ºğŸ‡¸"	"ğŸ‡ºğŸ‡¸"	"#703440"	"Cleveland Metroparks Zoo, United States"	"#703440"	"Cleveland Metroparks Zoo, United States"	0	3	"Dec"	"2005"
"Deceased"	2495	"MOO"	1121	1145	"MOO"	0	"U"	"#21B14BFF"	2006-03-24	2006	2006-03-24	2006	"ğŸ‡ºğŸ‡¸"	"ğŸ‡ºğŸ‡¸"	"#CCCCBC"	"Aquarium & Rainforest at Moody Gardens, United States"	"#CCCCBC"	"Aquarium & Rainforest at Moody Gardens, United States"	0	3	"Mar"	"2006"
"Deceased"	2496	"MOO"	1121	1145	"DUK"	11	"M"	"#3F459BFF"	2006-03-24	2006	2017-06-07	2017	"ğŸ‡ºğŸ‡¸"	"ğŸ‡ºğŸ‡¸"	"#940834"	"Aquarium & Rainforest at Moody Gardens, United States"	"#CCCCBC"	"Duke Lemur Center, United States"	1	1	"Mar"	"2017"
"Deceased"	2506	"PUE"	1125	1124	"CLE"	6	"F"	"#D53288FF"	2006-04-06	2006	2012-07-28	2012	"ğŸ‡ºğŸ‡¸"	"ğŸ‡ºğŸ‡¸"	"#703440"	"Pueblo Zoo, United States"	"#000000"	"Cleveland Metroparks Zoo, United States"	2	2	"Apr"	"2012"
"Deceased"	2507	"PUE"	1125	1124	"OMA"	9	"M"	"#3F459BFF"	2006-04-06	2006	2015-11-04	2015	"ğŸ‡ºğŸ‡¸"	"ğŸ‡ºğŸ‡¸"	"#20081C"	"Pueblo Zoo, United States"	"#000000"	"Omaha's Henry Doorly Zoo, United States"	1	1	"Apr"	"2015"
"Deceased"	2498	"DUK"	2406	2424	"DUK"	9	"M"	"#3F459BFF"	2006-06-01	2006	2015-06-17	2015	"ğŸ‡ºğŸ‡¸"	"ğŸ‡ºğŸ‡¸"	"#940834"	"Duke Lemur Center, United States"	"#940834"	"Duke Lemur Center, United States"	1	1	"Jun"	"2015"
"Deceased"	2499	"DUK"	2406	2424	"OMA"	10	"F"	"#D53288FF"	2006-06-01	2006	2017-03-04	2017	"ğŸ‡ºğŸ‡¸"	"ğŸ‡ºğŸ‡¸"	"#20081C"	"Duke Lemur Center, United States"	"#940834"	"Omaha's Henry Doorly Zoo, United States"	2	2	"Jun"	"2017"
"Deceased"	2500	"SOZ"	2409	1135	"OMA"	7	"M"	"#3F459BFF"	2006-06-18	2006	2013-12-18	2013	"ğŸ‡ºğŸ‡¸"	"ğŸ‡ºğŸ‡¸"	"#20081C"	"San Diego Zoo, United States"	"#687464"	"Omaha's Henry Doorly Zoo, United States"	1	1	"Jun"	"2013"
"Deceased"	2505	"SOZ"	2409	1135	"SOZ"	0	"U"	"#21B14BFF"	2006-06-20	2006	2006-06-20	2006	"ğŸ‡ºğŸ‡¸"	"ğŸ‡ºğŸ‡¸"	"#687464"	"San Diego Zoo, United States"	"#687464"	"San Diego Zoo, United States"	0	3	"Jun"	"2006"
"Deceased"	2501	"CLE"	1138	2413	"CLE"	2	"F"	"#D53288FF"	2007-01-07	2007	2009-11-06	2009	"ğŸ‡ºğŸ‡¸"	"ğŸ‡ºğŸ‡¸"	"#703440"	"Cleveland Metroparks Zoo, United States"	"#703440"	"Cleveland Metroparks Zoo, United States"	2	2	"Jan"	"2009"
"Deceased"	2502	"CLE"	1138	2413	"EVA"	12	"F"	"#D53288FF"	2007-01-07	2007	2019-09-10	2019	"ğŸ‡ºğŸ‡¸"	"ğŸ‡ºğŸ‡¸"	"#8C6C58"	"Cleveland Metroparks Zoo, United States"	"#703440"	"Mesker Park Zoo, United States"	2	2	"Jan"	"2019"
"Deceased"	2503	"ABQ"	1131	2403	"ABQ"	0	"U"	"#21B14BFF"	2007-01-18	2007	2007-01-24	2007	"ğŸ‡ºğŸ‡¸"	"ğŸ‡ºğŸ‡¸"	"#889488"	"Albuquerque Biological Park, United States"	"#889488"	"Albuquerque Biological Park, United States"	0	3	"Jan"	"2007"
"Deceased"	2700	"PUE"	1125	1124	"PUE"	0	"U"	"#21B14BFF"	2007-04-21	2007	2007-04-23	2007	"ğŸ‡ºğŸ‡¸"	"ğŸ‡ºğŸ‡¸"	"#000000"	"Pueblo Zoo, United States"	"#000000"	"Pueblo Zoo, United States"	0	3	"Apr"	"2007"
"Deceased"	2701	"PUE"	1125	1124	"PUE"	0	"U"	"#21B14BFF"	2007-04-21	2007	2007-04-23	2007	"ğŸ‡ºğŸ‡¸"	"ğŸ‡ºğŸ‡¸"	"#000000"	"Pueblo Zoo, United States"	"#000000"	"Pueblo Zoo, United States"	0	3	"Apr"	"2007"
"Deceased"	2702	"PUE"	1125	1124	"PUE"	0	"U"	"#21B14BFF"	2007-04-21	2007	2007-04-21	2007	"ğŸ‡ºğŸ‡¸"	"ğŸ‡ºğŸ‡¸"	"#000000"	"Pueblo Zoo, United States"	"#000000"	"Pueblo Zoo, United States"	0	3	"Apr"	"2007"
"Deceased"	2698	"AKR"	2408	2400	"AKR"	0	"U"	"#21B14BFF"	2007-06-15	2007	2007-06-16	2007	"ğŸ‡ºğŸ‡¸"	"ğŸ‡ºğŸ‡¸"	"#CCC4A8"	"Akron Zoological Park, United States"	"#CCC4A8"	"Akron Zoological Park, United States"	0	3	"Jun"	"2007"
"Deceased"	2699	"AKR"	2408	2400	"AKR"	0	"U"	"#21B14BFF"	2007-06-15	2007	2007-06-16	2007	"ğŸ‡ºğŸ‡¸"	"ğŸ‡ºğŸ‡¸"	"#CCC4A8"	"Akron Zoological Park, United States"	"#CCC4A8"	"Akron Zoological Park, United States"	0	3	"Jun"	"2007"
"Deceased"	2606	"PUE"	1125	1124	"PUE"	0	"U"	"#21B14BFF"	2008-02-12	2008	2008-02-12	2008	"ğŸ‡ºğŸ‡¸"	"ğŸ‡ºğŸ‡¸"	"#000000"	"Pueblo Zoo, United States"	"#000000"	"Pueblo Zoo, United States"	0	3	"Feb"	"2008"
"Deceased"	2601	"MOO"	1121	1145	"MOO"	0	"F"	"#D53288FF"	2008-03-12	2008	2008-03-13	2008	"ğŸ‡ºğŸ‡¸"	"ğŸ‡ºğŸ‡¸"	"#CCCCBC"	"Aquarium & Rainforest at Moody Gardens, United States"	"#CCCCBC"	"Aquarium & Rainforest at Moody Gardens, United States"	2	2	"Mar"	"2008"
"Deceased"	2602	"MOO"	1121	1145	"MOO"	0	"F"	"#D53288FF"	2008-03-12	2008	2008-04-05	2008	"ğŸ‡ºğŸ‡¸"	"ğŸ‡ºğŸ‡¸"	"#CCCCBC"	"Aquarium & Rainforest at Moody Gardens, United States"	"#CCCCBC"	"Aquarium & Rainforest at Moody Gardens, United States"	2	2	"Mar"	"2008"
"Deceased"	2604	"PHI"	1130	2436	"PHI"	0	"M"	"#3F459BFF"	2008-03-16	2008	2008-03-20	2008	"ğŸ‡ºğŸ‡¸"	"ğŸ‡ºğŸ‡¸"	"#38302C"	"Philadelphia Zoo, United States"	"#38302C"	"Philadelphia Zoo, United States"	1	1	"Mar"	"2008"
"Deceased"	2605	"PHI"	1130	2436	"AKR"	7	"F"	"#D53288FF"	2008-03-16	2008	2015-10-08	2015	"ğŸ‡ºğŸ‡¸"	"ğŸ‡ºğŸ‡¸"	"#CCC4A8"	"Philadelphia Zoo, United States"	"#38302C"	"Akron Zoological Park, United States"	2	2	"Mar"	"2015"
"Deceased"	2696	"AKR"	2408	2400	"AKR"	0	"M"	"#3F459BFF"	2008-04-03	2008	2008-04-03	2008	"ğŸ‡ºğŸ‡¸"	"ğŸ‡ºğŸ‡¸"	"#CCC4A8"	"Akron Zoological Park, United States"	"#CCC4A8"	"Akron Zoological Park, United States"	1	1	"Apr"	"2008"
"Deceased"	2697	"AKR"	2408	2400	"AKR"	0	"F"	"#D53288FF"	2008-04-03	2008	2008-04-03	2008	"ğŸ‡ºğŸ‡¸"	"ğŸ‡ºğŸ‡¸"	"#CCC4A8"	"Akron Zoological Park, United States"	"#CCC4A8"	"Akron Zoological Park, United States"	2	2	"Apr"	"2008"
"Deceased"	2607	"ABQ"	1131	2403	"SOZ"	10	"F"	"#D53288FF"	2008-09-18	2008	2019-02-01	2019	"ğŸ‡ºğŸ‡¸"	"ğŸ‡ºğŸ‡¸"	"#687464"	"Albuquerque Biological Park, United States"	"#889488"	"San Diego Zoo, United States"	2	2	"Sep"	"2019"
"Deceased"	2608	"ABQ"	1131	2403	"AKR"	12	"F"	"#D53288FF"	2008-09-18	2008	2021-01-19	2021	"ğŸ‡ºğŸ‡¸"	"ğŸ‡ºğŸ‡¸"	"#CCC4A8"	"Albuquerque Biological Park, United States"	"#889488"	"Akron Zoological Park, United States"	2	2	"Sep"	"2021"
"Deceased"	2600	"AKR"	2408	2400	"CIN"	9	"M"	"#3F459BFF"	2008-11-20	2008	2018-06-22	2018	"ğŸ‡ºğŸ‡¸"	"ğŸ‡ºğŸ‡¸"	"#948864"	"Akron Zoological Park, United States"	"#CCC4A8"	"Cincinnati Zoo & Botanical Garden, United States"	1	1	"Nov"	"2018"
"Deceased"	2695	"AKR"	2408	2400	"AKR"	0	"U"	"#21B14BFF"	2008-11-20	2008	2008-11-21	2008	"ğŸ‡ºğŸ‡¸"	"ğŸ‡ºğŸ‡¸"	"#CCC4A8"	"Akron Zoological Park, United States"	"#CCC4A8"	"Akron Zoological Park, United States"	0	3	"Nov"	"2008"
"Deceased"	2603	"OMA"	2402	1143	"OMA"	0	"U"	"#21B14BFF"	2008-11-22	2008	2008-11-22	2008	"ğŸ‡ºğŸ‡¸"	"ğŸ‡ºğŸ‡¸"	"#20081C"	"Omaha's Henry Doorly Zoo, United States"	"#20081C"	"Omaha's Henry Doorly Zoo, United States"	0	3	"Nov"	"2008"
"Deceased"	2612	"PHI"	1130	2436	"PHI"	0	"M"	"#3F459BFF"	2009-03-27	2009	2009-03-30	2009	"ğŸ‡ºğŸ‡¸"	"ğŸ‡ºğŸ‡¸"	"#38302C"	"Philadelphia Zoo, United States"	"#38302C"	"Philadelphia Zoo, United States"	1	1	"Mar"	"2009"
"Deceased"	2615	"CHI"	1142	2411	"CHI"	0	"M"	"#3F459BFF"	2009-04-25	2009	2009-04-25	2009	"ğŸ‡ºğŸ‡¸"	"ğŸ‡ºğŸ‡¸"	"#602038"	"Lincoln Park Zoological Gardens, United States"	"#602038"	"Lincoln Park Zoological Gardens, United States"	1	1	"Apr"	"2009"
"Deceased"	2616	"CHI"	1142	2411	"CHI"	0	"F"	"#D53288FF"	2009-04-25	2009	2009-04-25	2009	"ğŸ‡ºğŸ‡¸"	"ğŸ‡ºğŸ‡¸"	"#602038"	"Lincoln Park Zoological Gardens, United States"	"#602038"	"Lincoln Park Zoological Gardens, United States"	2	2	"Apr"	"2009"
"Deceased"	2611	"MOO"	1121	1145	"MOO"	0	"M"	"#3F459BFF"	2009-05-13	2009	2009-05-22	2009	"ğŸ‡ºğŸ‡¸"	"ğŸ‡ºğŸ‡¸"	"#CCCCBC"	"Aquarium & Rainforest at Moody Gardens, United States"	"#CCCCBC"	"Aquarium & Rainforest at Moody Gardens, United States"	1	1	"May"	"2009"
"Deceased"	2613	"ABQ"	1131	2403	"ABQ"	0	"M"	"#3F459BFF"	2009-07-18	2009	2009-07-23	2009	"ğŸ‡ºğŸ‡¸"	"ğŸ‡ºğŸ‡¸"	"#889488"	"Albuquerque Biological Park, United States"	"#889488"	"Albuquerque Biological Park, United States"	1	1	"Jul"	"2009"
"Deceased"	2609	"CLE"	1138	2506	"OMA"	6	"M"	"#3F459BFF"	2009-08-14	2009	2016-05-28	2016	"ğŸ‡ºğŸ‡¸"	"ğŸ‡ºğŸ‡¸"	"#20081C"	"Cleveland Metroparks Zoo, United States"	"#703440"	"Omaha's Henry Doorly Zoo, United States"	1	1	"Aug"	"2016"
"Deceased"	2610	"CLE"	2496	2501	"CLE"	0	"U"	"#21B14BFF"	2009-11-06	2009	2009-11-06	2009	"ğŸ‡ºğŸ‡¸"	"ğŸ‡ºğŸ‡¸"	"#703440"	"Cleveland Metroparks Zoo, United States"	"#703440"	"Cleveland Metroparks Zoo, United States"	0	3	"Nov"	"2009"
"Deceased"	2618	"PHI"	1130	2436	"PHI"	0	"M"	"#3F459BFF"	2010-02-05	2010	2010-02-07	2010	"ğŸ‡ºğŸ‡¸"	"ğŸ‡ºğŸ‡¸"	"#38302C"	"Philadelphia Zoo, United States"	"#38302C"	"Philadelphia Zoo, United States"	1	1	"Feb"	"2010"
"Deceased"	2624	"GAR"	2402	2451	"DUK"	7	"M"	"#3F459BFF"	2010-03-14	2010	2017-11-22	2017	"ğŸ‡ºğŸ‡¸"	"ğŸ‡ºğŸ‡¸"	"#940834"	"Lee Richardson Zoo, United States"	"#749C68"	"Duke Lemur Center, United States"	1	1	"Mar"	"2017"
"Deceased"	2632	"PHI"	1130	2436	"ELP"	1	"F"	"#D53288FF"	2010-08-09	2010	2012-02-01	2012	"ğŸ‡ºğŸ‡¸"	"ğŸ‡ºğŸ‡¸"	"#B0A890"	"Philadelphia Zoo, United States"	"#38302C"	"El Paso Zoo, United States"	2	2	"Aug"	"2012"
"Deceased"	2633	"PHI"	1130	2436	"PHI"	0	"U"	"#21B14BFF"	2010-08-09	2010	2010-08-09	2010	"ğŸ‡ºğŸ‡¸"	"ğŸ‡ºğŸ‡¸"	"#38302C"	"Philadelphia Zoo, United States"	"#38302C"	"Philadelphia Zoo, United States"	0	3	"Aug"	"2010"
"Deceased"	2634	"ABQ"	1131	2414	"LIT"	3	"M"	"#3F459BFF"	2010-08-12	2010	2014-04-24	2014	"ğŸ‡ºğŸ‡¸"	"ğŸ‡ºğŸ‡¸"	"#B8B8B0"	"Albuquerque Biological Park, United States"	"#889488"	"Little Rock Zoological Gardens, United States"	1	1	"Aug"	"2014"
"Deceased"	2635	"ABQ"	1131	2414	"BLO"	7	"M"	"#3F459BFF"	2010-08-12	2010	2018-02-23	2018	"ğŸ‡ºğŸ‡¸"	"ğŸ‡ºğŸ‡¸"	"#A4B0B8"	"Albuquerque Biological Park, United States"	"#889488"	"Miller Park Zoo, United States"	1	1	"Aug"	"2018"
"Deceased"	2692	"MEM"	2415	2416	"MEM"	0	"U"	"#21B14BFF"	2010-09-25	2010	2010-09-25	2010	"ğŸ‡ºğŸ‡¸"	"ğŸ‡ºğŸ‡¸"	"#381C28"	"Memphis Zoological Garden & Aquarium, United States"	"#381C28"	"Memphis Zoological Garden & Aquarium, United States"	0	3	"Sep"	"2010"
"Deceased"	2627	"MIN"	2208	2418	"MIN"	0	"U"	"#21B14BFF"	2010-09-25	2010	2010-09-25	2010	"ğŸ‡ºğŸ‡¸"	"ğŸ‡ºğŸ‡¸"	"#747C78"	"Minnesota Zoological Garden, United States"	"#747C78"	"Minnesota Zoological Garden, United States"	0	3	"Sep"	"2010"
"Deceased"	2628	"MIN"	2208	2418	"MIN"	0	"U"	"#21B14BFF"	2010-09-25	2010	2010-09-25	2010	"ğŸ‡ºğŸ‡¸"	"ğŸ‡ºğŸ‡¸"	"#747C78"	"Minnesota Zoological Garden, United States"	"#747C78"	"Minnesota Zoological Garden, United States"	0	3	"Sep"	"2010"
"Deceased"	2629	"MIN"	2208	2418	"MIN"	0	"U"	"#21B14BFF"	2010-09-25	2010	2010-09-25	2010	"ğŸ‡ºğŸ‡¸"	"ğŸ‡ºğŸ‡¸"	"#747C78"	"Minnesota Zoological Garden, United States"	"#747C78"	"Minnesota Zoological Garden, United States"	0	3	"Sep"	"2010"
"Deceased"	2694	"MEM"	2415	2416	"MEM"	0	"U"	"#21B14BFF"	2010-09-27	2010	2010-09-27	2010	"ğŸ‡ºğŸ‡¸"	"ğŸ‡ºğŸ‡¸"	"#381C28"	"Memphis Zoological Garden & Aquarium, United States"	"#381C28"	"Memphis Zoological Garden & Aquarium, United States"	0	3	"Sep"	"2010"
"Deceased"	2625	"GAR"	2402	2451	"CIN"	9	"F"	"#D53288FF"	2010-12-06	2010	2020-03-03	2020	"ğŸ‡ºğŸ‡¸"	"ğŸ‡ºğŸ‡¸"	"#948864"	"Lee Richardson Zoo, United States"	"#749C68"	"Cincinnati Zoo & Botanical Garden, United States"	2	2	"Dec"	"2020"
"Deceased"	2636	"NYB"	2417	2423	"NYB"	0	"U"	"#21B14BFF"	2010-12-06	2010	2011-05-22	2011	"ğŸ‡ºğŸ‡¸"	"ğŸ‡ºğŸ‡¸"	"#D0B884"	"Bronx Zoo/Wildlife Conservation Society, United States"	"#D0B884"	"Bronx Zoo/Wildlife Conservation Society, United States"	0	3	"Dec"	"2011"
"Deceased"	2693	"NYB"	2417	2423	"NYB"	0	"M"	"#3F459BFF"	2010-12-06	2010	2010-12-06	2010	"ğŸ‡ºğŸ‡¸"	"ğŸ‡ºğŸ‡¸"	"#D0B884"	"Bronx Zoo/Wildlife Conservation Society, United States"	"#D0B884"	"Bronx Zoo/Wildlife Conservation Society, United States"	1	1	"Dec"	"2010"
"Deceased"	2638	"MOO"	1121	1145	"MOO"	0	"F"	"#D53288FF"	2011-06-14	2011	2011-06-14	2011	"ğŸ‡ºğŸ‡¸"	"ğŸ‡ºğŸ‡¸"	"#CCCCBC"	"Aquarium & Rainforest at Moody Gardens, United States"	"#CCCCBC"	"Aquarium & Rainforest at Moody Gardens, United States"	2	2	"Jun"	"2011"
"Deceased"	2639	"MOO"	1121	1145	"COL"	2	"M"	"#3F459BFF"	2011-06-14	2011	2013-12-04	2013	"ğŸ‡ºğŸ‡¸"	"ğŸ‡ºğŸ‡¸"	"#C0C4AC"	"Aquarium & Rainforest at Moody Gardens, United States"	"#CCCCBC"	"Columbus Zoo and Aquarium, United States"	1	1	"Jun"	"2013"
"Deceased"	2645	"ABQ"	1131	2414	"ABQ"	3	"M"	"#3F459BFF"	2011-12-07	2011	2015-01-20	2015	"ğŸ‡ºğŸ‡¸"	"ğŸ‡ºğŸ‡¸"	"#889488"	"Albuquerque Biological Park, United States"	"#889488"	"Albuquerque Biological Park, United States"	1	1	"Dec"	"2015"
"Deceased"	2643	"NYB"	2417	2423	"NYB"	0	"F"	"#D53288FF"	2011-12-09	2011	2011-12-11	2011	"ğŸ‡ºğŸ‡¸"	"ğŸ‡ºğŸ‡¸"	"#D0B884"	"Bronx Zoo/Wildlife Conservation Society, United States"	"#D0B884"	"Bronx Zoo/Wildlife Conservation Society, United States"	2	2	"Dec"	"2011"
"Deceased"	2644	"NYB"	2417	2423	"NYB"	0	"U"	"#21B14BFF"	2011-12-09	2011	2011-12-12	2011	"ğŸ‡ºğŸ‡¸"	"ğŸ‡ºğŸ‡¸"	"#D0B884"	"Bronx Zoo/Wildlife Conservation Society, United States"	"#D0B884"	"Bronx Zoo/Wildlife Conservation Society, United States"	0	3	"Dec"	"2011"
"Deceased"	2648	"DUK"	2498	2502	"DUK"	0	"M"	"#3F459BFF"	2012-06-20	2012	2012-07-03	2012	"ğŸ‡ºğŸ‡¸"	"ğŸ‡ºğŸ‡¸"	"#940834"	"Duke Lemur Center, United States"	"#940834"	"Duke Lemur Center, United States"	1	1	"Jun"	"2012"
"Deceased"	2650	"PHI"	1130	2436	"PHI"	0	"U"	"#21B14BFF"	2013-01-26	2013	2013-01-26	2013	"ğŸ‡ºğŸ‡¸"	"ğŸ‡ºğŸ‡¸"	"#38302C"	"Philadelphia Zoo, United States"	"#38302C"	"Philadelphia Zoo, United States"	0	3	"Jan"	"2013"
"Deceased"	2651	"PHI"	1130	2436	"PHI"	0	"M"	"#3F459BFF"	2013-01-26	2013	2013-01-26	2013	"ğŸ‡ºğŸ‡¸"	"ğŸ‡ºğŸ‡¸"	"#38302C"	"Philadelphia Zoo, United States"	"#38302C"	"Philadelphia Zoo, United States"	1	1	"Jan"	"2013"
"Deceased"	2647	"ELP"	2449	2632	"GAR"	3	"F"	"#D53288FF"	2013-04-26	2013	2017-03-16	2017	"ğŸ‡ºğŸ‡¸"	"ğŸ‡ºğŸ‡¸"	"#749C68"	"El Paso Zoo, United States"	"#B0A890"	"Lee Richardson Zoo, United States"	2	2	"Apr"	"2017"
"Deceased"	2655	"CLE"	2496	2403	"CLE"	0	"M"	"#3F459BFF"	2015-01-22	2015	2015-01-22	2015	"ğŸ‡ºğŸ‡¸"	"ğŸ‡ºğŸ‡¸"	"#703440"	"Cleveland Metroparks Zoo, United States"	"#703440"	"Cleveland Metroparks Zoo, United States"	1	1	"Jan"	"2015"
"Deceased"	2656	"CLE"	2496	2403	"CLE"	0	"U"	"#21B14BFF"	2015-01-22	2015	2015-01-22	2015	"ğŸ‡ºğŸ‡¸"	"ğŸ‡ºğŸ‡¸"	"#703440"	"Cleveland Metroparks Zoo, United States"	"#703440"	"Cleveland Metroparks Zoo, United States"	0	3	"Jan"	"2015"
"Deceased"	2663	"NYB"	2623	2640	"NYB"	0	"M"	"#3F459BFF"	2015-03-01	2015	2015-03-06	2015	"ğŸ‡ºğŸ‡¸"	"ğŸ‡ºğŸ‡¸"	"#D0B884"	"Bronx Zoo/Wildlife Conservation Society, United States"	"#D0B884"	"Bronx Zoo/Wildlife Conservation Society, United States"	1	1	"Mar"	"2015"
"Deceased"	2664	"NYB"	2623	2640	"NYB"	0	"F"	"#D53288FF"	2015-03-04	2015	2015-03-04	2015	"ğŸ‡ºğŸ‡¸"	"ğŸ‡ºğŸ‡¸"	"#D0B884"	"Bronx Zoo/Wildlife Conservation Society, United States"	"#D0B884"	"Bronx Zoo/Wildlife Conservation Society, United States"	2	2	"Mar"	"2015"
"Deceased"	2665	"NYB"	2417	2423	"NYB"	0	"F"	"#D53288FF"	2015-04-10	2015	2015-04-11	2015	"ğŸ‡ºğŸ‡¸"	"ğŸ‡ºğŸ‡¸"	"#D0B884"	"Bronx Zoo/Wildlife Conservation Society, United States"	"#D0B884"	"Bronx Zoo/Wildlife Conservation Society, United States"	2	2	"Apr"	"2015"
"Deceased"	2657	"CBR"	2631	2626	"CBR"	0	"F"	"#D53288FF"	2015-04-24	2015	2015-04-28	2015	"ğŸ‡ºğŸ‡¸"	"ğŸ‡ºğŸ‡¸"	"#5C8050"	"Chicago Zoological Park / Brookfield Zoo, United States"	"#5C8050"	"Chicago Zoological Park / Brookfield Zoo, United States"	2	2	"Apr"	"2015"
"Deceased"	2658	"CBR"	2631	2626	"CBR"	0	"U"	"#21B14BFF"	2015-04-28	2015	2015-04-28	2015	"ğŸ‡ºğŸ‡¸"	"ğŸ‡ºğŸ‡¸"	"#5C8050"	"Chicago Zoological Park / Brookfield Zoo, United States"	"#5C8050"	"Chicago Zoological Park / Brookfield Zoo, United States"	0	3	"Apr"	"2015"
"Deceased"	2660	"CLE"	2450	2414	"CLE"	0	"U"	"#21B14BFF"	2015-05-18	2015	2015-05-19	2015	"ğŸ‡ºğŸ‡¸"	"ğŸ‡ºğŸ‡¸"	"#703440"	"Cleveland Metroparks Zoo, United States"	"#703440"	"Cleveland Metroparks Zoo, United States"	0	3	"May"	"2015"
"Deceased"	2662	"COL"	2639	2642	"COL"	0	"U"	"#21B14BFF"	2015-06-09	2015	2015-06-09	2015	"ğŸ‡ºğŸ‡¸"	"ğŸ‡ºğŸ‡¸"	"#C0C4AC"	"Columbus Zoo and Aquarium, United States"	"#C0C4AC"	"Columbus Zoo and Aquarium, United States"	0	3	"Jun"	"2015"
"Deceased"	2668	"CHI"	2646	2637	"CHI"	0	"M"	"#3F459BFF"	2016-04-25	2016	2016-04-27	2016	"ğŸ‡ºğŸ‡¸"	"ğŸ‡ºğŸ‡¸"	"#602038"	"Lincoln Park Zoological Gardens, United States"	"#602038"	"Lincoln Park Zoological Gardens, United States"	1	1	"Apr"	"2016"
"Deceased"	2669	"CHI"	2646	2637	"CHI"	0	"U"	"#21B14BFF"	2016-04-25	2016	2016-04-28	2016	"ğŸ‡ºğŸ‡¸"	"ğŸ‡ºğŸ‡¸"	"#602038"	"Lincoln Park Zoological Gardens, United States"	"#602038"	"Lincoln Park Zoological Gardens, United States"	0	3	"Apr"	"2016"
"Deceased"	2670	"ELP"	2449	2632	"ELP"	0	"U"	"#21B14BFF"	2016-09-28	2016	2016-09-29	2016	"ğŸ‡ºğŸ‡¸"	"ğŸ‡ºğŸ‡¸"	"#B0A890"	"El Paso Zoo, United States"	"#B0A890"	"El Paso Zoo, United States"	0	3	"Sep"	"2016"
"Deceased"	2672	"ELP"	2449	2632	"ELP"	0	"F"	"#D53288FF"	2016-09-28	2016	2016-10-10	2016	"ğŸ‡ºğŸ‡¸"	"ğŸ‡ºğŸ‡¸"	"#B0A890"	"El Paso Zoo, United States"	"#B0A890"	"El Paso Zoo, United States"	2	2	"Sep"	"2016"
"Deceased"	2675	"CBR"	2631	2626	"CBR"	0	"U"	"#21B14BFF"	2016-11-03	2016	2016-11-09	2016	"ğŸ‡ºğŸ‡¸"	"ğŸ‡ºğŸ‡¸"	"#5C8050"	"Chicago Zoological Park / Brookfield Zoo, United States"	"#5C8050"	"Chicago Zoological Park / Brookfield Zoo, United States"	0	3	"Nov"	"2016"
"Deceased"	2674	"MOO"	2649	2638	"PRO"	1	"F"	"#D53288FF"	2016-12-16	2016	2018-04-26	2018	"ğŸ‡ºğŸ‡¸"	"ğŸ‡ºğŸ‡¸"	"#503840"	"Aquarium & Rainforest at Moody Gardens, United States"	"#CCCCBC"	"Prospect Park Zoo, United States"	2	2	"Dec"	"2018"
"Deceased"	2678	"DUK"	2496	2502	"DUK"	0	"F"	"#D53288FF"	2017-01-18	2017	2017-01-19	2017	"ğŸ‡ºğŸ‡¸"	"ğŸ‡ºğŸ‡¸"	"#940834"	"Duke Lemur Center, United States"	"#940834"	"Duke Lemur Center, United States"	2	2	"Jan"	"2017"
"Deceased"	2680	"COL"	2639	2642	"COL"	0	"U"	"#21B14BFF"	2017-02-05	2017	2017-02-05	2017	"ğŸ‡ºğŸ‡¸"	"ğŸ‡ºğŸ‡¸"	"#C0C4AC"	"Columbus Zoo and Aquarium, United States"	"#C0C4AC"	"Columbus Zoo and Aquarium, United States"	0	3	"Feb"	"2017"
"Deceased"	2681	"CHI"	2646	2637	"CHI"	0	"M"	"#3F459BFF"	2017-03-01	2017	2017-03-28	2017	"ğŸ‡ºğŸ‡¸"	"ğŸ‡ºğŸ‡¸"	"#602038"	"Lincoln Park Zoological Gardens, United States"	"#602038"	"Lincoln Park Zoological Gardens, United States"	1	1	"Mar"	"2017"
"Deceased"	2683	"LIT"	2634	2654	"MEM"	1	"F"	"#D53288FF"	2017-08-08	2017	2019-05-14	2019	"ğŸ‡ºğŸ‡¸"	"ğŸ‡ºğŸ‡¸"	"#381C28"	"Little Rock Zoological Gardens, United States"	"#B8B8B0"	"Memphis Zoological Garden & Aquarium, United States"	2	2	"Aug"	"2019"
"Deceased"	2684	"CHI"	2646	2637	"CHI"	0	"U"	"#21B14BFF"	2017-11-28	2017	2017-11-30	2017	"ğŸ‡ºğŸ‡¸"	"ğŸ‡ºğŸ‡¸"	"#602038"	"Lincoln Park Zoological Gardens, United States"	"#602038"	"Lincoln Park Zoological Gardens, United States"	0	3	"Nov"	"2017"
"Deceased"	2686	"COL"	2639	2659	"COL"	0	"M"	"#3F459BFF"	2018-05-27	2018	2018-06-04	2018	"ğŸ‡ºğŸ‡¸"	"ğŸ‡ºğŸ‡¸"	"#C0C4AC"	"Columbus Zoo and Aquarium, United States"	"#C0C4AC"	"Columbus Zoo and Aquarium, United States"	1	1	"May"	"2018"
"Deceased"	2687	"COL"	2639	2659	"COL"	0	"M"	"#3F459BFF"	2018-05-27	2018	2018-05-27	2018	"ğŸ‡ºğŸ‡¸"	"ğŸ‡ºğŸ‡¸"	"#C0C4AC"	"Columbus Zoo and Aquarium, United States"	"#C0C4AC"	"Columbus Zoo and Aquarium, United States"	1	1	"May"	"2018"
"Deceased"	2688	"SOZ"	2653	2607	"SOZ"	0	"U"	"#21B14BFF"	2019-01-31	2019	2019-01-31	2019	"ğŸ‡ºğŸ‡¸"	"ğŸ‡ºğŸ‡¸"	"#687464"	"San Diego Zoo, United States"	"#687464"	"San Diego Zoo, United States"	0	3	"Jan"	"2019"
"Deceased"	2691	"AKR"	2667	2608	"AKR"	0	"U"	"#21B14BFF"	2019-05-16	2019	2019-05-16	2019	"ğŸ‡ºğŸ‡¸"	"ğŸ‡ºğŸ‡¸"	"#CCC4A8"	"Akron Zoological Park, United States"	"#CCC4A8"	"Akron Zoological Park, United States"	0	3	"May"	"2019"
"Deceased"	2705	"MOO"	2649	2630	"MOO"	0	"M"	"#3F459BFF"	2020-01-16	2020	2020-02-02	2020	"ğŸ‡ºğŸ‡¸"	"ğŸ‡ºğŸ‡¸"	"#CCCCBC"	"Aquarium & Rainforest at Moody Gardens, United States"	"#CCCCBC"	"Aquarium & Rainforest at Moody Gardens, United States"	1	1	"Jan"	"2020"
"Deceased"	2706	"NYB"	2623	2640	"NYB"	0	"U"	"#21B14BFF"	2020-03-11	2020	2020-03-11	2020	"ğŸ‡ºğŸ‡¸"	"ğŸ‡ºğŸ‡¸"	"#D0B884"	"Bronx Zoo/Wildlife Conservation Society, United States"	"#D0B884"	"Bronx Zoo/Wildlife Conservation Society, United States"	0	3	"Mar"	"2020"
"Deceased"	2709	"EVA"	2641	2502	"EVA"	0	"U"	"#21B14BFF"	2020-10-27	2020	2020-10-29	2020	"ğŸ‡ºğŸ‡¸"	"ğŸ‡ºğŸ‡¸"	"#8C6C58"	"Mesker Park Zoo, United States"	"#8C6C58"	"Mesker Park Zoo, United States"	0	3	"Oct"	"2020"
"Deceased"	2710	"MOO"	2649	2638	"MOO"	0	"M"	"#3F459BFF"	2020-12-04	2020	2021-02-06	2021	"ğŸ‡ºğŸ‡¸"	"ğŸ‡ºğŸ‡¸"	"#CCCCBC"	"Aquarium & Rainforest at Moody Gardens, United States"	"#CCCCBC"	"Aquarium & Rainforest at Moody Gardens, United States"	1	1	"Dec"	"2021"
"Deceased"	2711	"COL"	2639	2642	"CLE"	3	"M"	"#3F459BFF"	2021-02-25	2021	2024-04-30	2024	"ğŸ‡ºğŸ‡¸"	"ğŸ‡ºğŸ‡¸"	"#703440"	"Columbus Zoo and Aquarium, United States"	"#C0C4AC"	"Cleveland Metroparks Zoo, United States"	1	1	"Feb"	"2024"
"Deceased"	2712	"NYB"	2623	2640	"NYB"	0	"F"	"#D53288FF"	2021-03-11	2021	2021-03-23	2021	"ğŸ‡ºğŸ‡¸"	"ğŸ‡ºğŸ‡¸"	"#D0B884"	"Bronx Zoo/Wildlife Conservation Society, United States"	"#D0B884"	"Bronx Zoo/Wildlife Conservation Society, United States"	2	2	"Mar"	"2021"
"Hypothetical Parent"	11045	"POZ"	NA	NA	"POZ"	2	"M"	"#3F459BFF"	1985-02-14	1985	1987-02-14	1987	"ğŸ‡µğŸ‡±"	"ğŸ‡µğŸ‡±"	"#584C64"	"Ogrod Zoologiczny w Poznaniu, Poland"	"#584C64"	"Ogrod Zoologiczny w Poznaniu, Poland"	1	1	"Feb"	"1987"
"Hypothetical Parent"	12108	"IRC"	NA	NA	"IRC"	2	"M"	"#3F459BFF"	1987-04-10	1987	1989-04-10	1989	"ğŸ‡¨ğŸ‡­"	"ğŸ‡¨ğŸ‡­"	"#D47C80"	"UniversitÃ¤t ZÃ¼rich-Irchel Anthropologisches Institut und Museum, Switzerland"	"#D47C80"	"UniversitÃ¤t ZÃ¼rich-Irchel Anthropologisches Institut und Museum, Switzerland"	1	1	"Apr"	"1989"
"Hypothetical Parent"	12423	"PUB"	NA	NA	"PUB"	2	"M"	"#3F459BFF"	1999-01-01	1999	2001-01-01	2001	"ğŸš©"	"ğŸš©"	"#C4A070"	"General Public, Undetermined"	"#C4A070"	"General Public, Undetermined"	1	1	"Jan"	"2001"
"Hypothetical Parent"	22717	"GRE"	NA	NA	"GRE"	2	"F"	"#D53288FF"	2018-06-12	2018	2020-06-12	2020	"ğŸ‡¬ğŸ‡§"	"ğŸ‡¬ğŸ‡§"	"#808084"	"Private Owner, United Kingdom"	"#808084"	"Private Owner, United Kingdom"	2	2	"Jun"	"2020"
"Hypothetical Parent"	12717	"GRE"	NA	NA	"GRE"	2	"M"	"#3F459BFF"	2018-06-12	2018	2020-06-12	2020	"ğŸ‡¬ğŸ‡§"	"ğŸ‡¬ğŸ‡§"	"#808084"	"Private Owner, United Kingdom"	"#808084"	"Private Owner, United Kingdom"	1	1	"Jun"	"2020"
